feature_id,feature_name,area_m2,resource_type,x_coord_2180,y_coord_2180
11841,Góra,2436926,Rock salt,457321.8842,541645.2537
11841,Góra,2436926,Rock salt,457097.5029,541518.9286
11841,Góra,2436926,Rock salt,456600.7378,541632.6749
11841,Góra,2436926,Rock salt,456330.2808,541777.4681
11841,Góra,2436926,Rock salt,456206.6713,541843.6443
11841,Góra,2436926,Rock salt,455823.7525,542454.1555
11841,Góra,2436926,Rock salt,455987.4478,542949.5055
11841,Góra,2436926,Rock salt,455987.4551,542949.5275
11841,Góra,2436926,Rock salt,456053.5771,543012.0601
11841,Góra,2436926,Rock salt,456244.1994,543192.3345
11841,Góra,2436926,Rock salt,456445.3138,543236.7161
11841,Góra,2436926,Rock salt,457044.8915,543228.3853
11841,Góra,2436926,Rock salt,457392.2649,543160.6367
11841,Góra,2436926,Rock salt,457393.0693,543160.4798
11841,Góra,2436926,Rock salt,457535.9658,542906.5235
11841,Góra,2436926,Rock salt,457531.8006,542606.735
11841,Góra,2436926,Rock salt,457714.9806,542151.622
11841,Góra,2436926,Rock salt,457613.4695,541830.6068
11841,Góra,2436926,Rock salt,457605.3165,541804.8241
11841,Góra,2436926,Rock salt,457321.8842,541645.2537
4733,Góra I,2485000,Rock salt,457321.8842,541645.2537
4733,Góra I,2485000,Rock salt,457097.469,541518.9434
4733,Góra I,2485000,Rock salt,456600.7306,541632.7208
4733,Góra I,2485000,Rock salt,456330.2808,541777.4681
4733,Góra I,2485000,Rock salt,456206.6694,541843.6261
4733,Góra I,2485000,Rock salt,455823.7076,542454.1435
4733,Góra I,2485000,Rock salt,455987.4376,542949.4958
4733,Góra I,2485000,Rock salt,455987.4478,542949.5055
4733,Góra I,2485000,Rock salt,456053.5771,543012.0601
4733,Góra I,2485000,Rock salt,456244.1331,543192.3153
4733,Góra I,2485000,Rock salt,456647.9077,543331.0686
4733,Góra I,2485000,Rock salt,457046.1315,543270.0159
4733,Góra I,2485000,Rock salt,457392.2649,543160.6367
4733,Góra I,2485000,Rock salt,457393.0158,543160.3994
4733,Góra I,2485000,Rock salt,457535.9315,542906.4797
4733,Góra I,2485000,Rock salt,457527.6057,542606.7717
4733,Góra I,2485000,Rock salt,457714.9224,542151.6597
4733,Góra I,2485000,Rock salt,457613.4695,541830.6068
4733,Góra I,2485000,Rock salt,457605.3069,541804.7759
4733,Góra I,2485000,Rock salt,457321.8842,541645.2537
5921,Palędzie I,6255113,Rock salt,420933.62,533233.8791
5921,Palędzie I,6255113,Rock salt,422150.079,532390.274
5921,Palędzie I,6255113,Rock salt,422742.6398,531763.9355
5921,Palędzie I,6255113,Rock salt,422606.6907,531187.7818
5921,Palędzie I,6255113,Rock salt,422364.9945,530764.5376
5921,Palędzie I,6255113,Rock salt,422046.9697,530473.3903
5921,Palędzie I,6255113,Rock salt,421368.5521,530527.1822
5921,Palędzie I,6255113,Rock salt,420481.5546,530811.7228
5921,Palędzie I,6255113,Rock salt,420258.5723,530971.5998
5921,Palędzie I,6255113,Rock salt,420267.8601,530978.23
5921,Palędzie I,6255113,Rock salt,420295.7501,531001.14
5921,Palędzie I,6255113,Rock salt,420304.4801,531030.51
5921,Palędzie I,6255113,Rock salt,420306.0701,531052.73
5921,Palędzie I,6255113,Rock salt,420323.5301,531066.23
5921,Palędzie I,6255113,Rock salt,420347.3501,531070.2
5921,Palędzie I,6255113,Rock salt,420380.6801,531082.9
5921,Palędzie I,6255113,Rock salt,420417.2001,531113.06
5921,Palędzie I,6255113,Rock salt,420464.8201,531155.92
5921,Palędzie I,6255113,Rock salt,420483.8701,531182.12
5921,Palędzie I,6255113,Rock salt,420484.3101,531234.64
5921,Palędzie I,6255113,Rock salt,420495.7801,531252.76
5921,Palędzie I,6255113,Rock salt,420505.3001,531285.3
5921,Palędzie I,6255113,Rock salt,420506.8901,531310.7
5921,Palędzie I,6255113,Rock salt,420504.5101,531347.22
5921,Palędzie I,6255113,Rock salt,420498.1601,531378.97
5921,Palędzie I,6255113,Rock salt,420470.2401,531423.55
5921,Palędzie I,6255113,Rock salt,420462.3101,531442.07
5921,Palędzie I,6255113,Rock salt,420464.2901,531451.99
5921,Palędzie I,6255113,Rock salt,420467.6001,531458.61
5921,Palędzie I,6255113,Rock salt,420474.8501,531463.74
5921,Palędzie I,6255113,Rock salt,420529.6201,531493.11
5921,Palędzie I,6255113,Rock salt,420626.2285,531435.9313
5921,Palędzie I,6255113,Rock salt,420686.5536,531412.6479
5921,Palędzie I,6255113,Rock salt,420681.2619,531458.1563
5921,Palędzie I,6255113,Rock salt,420731.0037,531533.2981
5921,Palędzie I,6255113,Rock salt,420728.887,531592.5649
5921,Palędzie I,6255113,Rock salt,420702.4286,531613.7316
5921,Palędzie I,6255113,Rock salt,420679.1453,531637.015
5921,Palędzie I,6255113,Rock salt,420643.1619,531668.7651
5921,Palędzie I,6255113,Rock salt,420605.0301,531697.15
5921,Palędzie I,6255113,Rock salt,420594.4401,531741.6
5921,Palędzie I,6255113,Rock salt,420549.7301,531781.03
5921,Palędzie I,6255113,Rock salt,420511.3601,531853.79
5921,Palędzie I,6255113,Rock salt,420480.9401,531890.83
5921,Palędzie I,6255113,Rock salt,420449.1901,531909.35
5921,Palędzie I,6255113,Rock salt,420426.7001,531922.58
5921,Palędzie I,6255113,Rock salt,420378.2201,531980.68
5921,Palędzie I,6255113,Rock salt,420347.5301,532013.49
5921,Palędzie I,6255113,Rock salt,420298.8501,532094.98
5921,Palędzie I,6255113,Rock salt,420293.3201,532140.27
5921,Palędzie I,6255113,Rock salt,420286.3444,532169.3111
5921,Palędzie I,6255113,Rock salt,420286.1501,532170.12
5921,Palędzie I,6255113,Rock salt,420244.8701,532199.76
5921,Palędzie I,6255113,Rock salt,420203.6001,532233.62
5921,Palędzie I,6255113,Rock salt,420153.8601,532277.01
5921,Palędzie I,6255113,Rock salt,420119.7801,532316.17
5921,Palędzie I,6255113,Rock salt,420104.9601,532345.81
5921,Palędzie I,6255113,Rock salt,420079.5601,532404.01
5921,Palędzie I,6255113,Rock salt,420059.4501,532424.12
5921,Palędzie I,6255113,Rock salt,420031.9401,532427.3
5921,Palędzie I,6255113,Rock salt,420010.3701,532421.01
5921,Palędzie I,6255113,Rock salt,419977.9601,532419.89
5921,Palędzie I,6255113,Rock salt,419966.3201,532429.41
5921,Palędzie I,6255113,Rock salt,419950.6201,532445.7
5921,Palędzie I,6255113,Rock salt,419929.4601,532477.45
5921,Palędzie I,6255113,Rock salt,419913.5801,532492.0
5921,Palędzie I,6255113,Rock salt,419880.5101,532523.75
5921,Palędzie I,6255113,Rock salt,419846.1101,532544.91
5921,Palędzie I,6255113,Rock salt,419810.3901,532559.47
5921,Palędzie I,6255113,Rock salt,419729.7001,532563.44
5921,Palędzie I,6255113,Rock salt,419694.3452,532565.7915
5921,Palędzie I,6255113,Rock salt,419677.8955,532566.8855
5921,Palędzie I,6255113,Rock salt,419908.3045,533037.3206
5921,Palędzie I,6255113,Rock salt,420571.1421,533214.9273
5921,Palędzie I,6255113,Rock salt,420933.62,533233.8791
7128,Tomisławice,153161850,Lignite,464977.1344,519306.5253
7128,Tomisławice,153161850,Lignite,464970.23,519304.73
7128,Tomisławice,153161850,Lignite,464903.56,519305.52
7128,Tomisławice,153161850,Lignite,464847.99,519289.65
7128,Tomisławice,153161850,Lignite,464796.9467,519271.4193
7128,Tomisławice,153161850,Lignite,464795.7184,519270.9806
7128,Tomisławice,153161850,Lignite,464770.21,519261.87
7128,Tomisławice,153161850,Lignite,464729.72,519236.47
7128,Tomisławice,153161850,Lignite,464684.48,519226.94
7128,Tomisławice,153161850,Lignite,464610.04,519217.76
7128,Tomisławice,153161850,Lignite,464610.0317,519217.7589
7128,Tomisławice,153161850,Lignite,464484.45,519201.54
7128,Tomisławice,153161850,Lignite,464469.374,519195.5083
7128,Tomisławice,153161850,Lignite,464416.99,519174.55
7128,Tomisławice,153161850,Lignite,464390.79,519144.39
7128,Tomisławice,153161850,Lignite,464381.4333,519125.6766
7128,Tomisławice,153161850,Lignite,464371.74,519106.29
7128,Tomisławice,153161850,Lignite,464344.75,519065.02
7128,Tomisławice,153161850,Lignite,464298.72,519023.74
7128,Tomisławice,153161850,Lignite,464245.54,518987.23
7128,Tomisławice,153161850,Lignite,464224.8515,518975.5066
7128,Tomisławice,153161850,Lignite,464205.9332,518964.7864
7128,Tomisławice,153161850,Lignite,464197.91,518960.24
7128,Tomisławice,153161850,Lignite,464136.79,518929.29
7128,Tomisławice,153161850,Lignite,464096.31,518898.33
7128,Tomisławice,153161850,Lignite,464095.0856,518892.7367
7128,Tomisławice,153161850,Lignite,464090.75,518872.93
7128,Tomisławice,153161850,Lignite,464096.7487,518859.7388
7128,Tomisławice,153161850,Lignite,464098.69,518855.47
7128,Tomisławice,153161850,Lignite,464128.85,518826.89
7128,Tomisławice,153161850,Lignite,464160.6865,518802.3483
7128,Tomisławice,153161850,Lignite,464163.6572,518800.0583
7128,Tomisławice,153161850,Lignite,464166.95,518797.52
7128,Tomisławice,153161850,Lignite,464174.2005,518783.4249
7128,Tomisławice,153161850,Lignite,464181.24,518769.74
7128,Tomisławice,153161850,Lignite,464186.4416,518749.8122
7128,Tomisławice,153161850,Lignite,464190.77,518733.23
7128,Tomisławice,153161850,Lignite,464184.42,518684.02
7128,Tomisławice,153161850,Lignite,464183.4149,518682.1982
7128,Tomisławice,153161850,Lignite,464164.7591,518648.3827
7128,Tomisławice,153161850,Lignite,464159.02,518637.98
7128,Tomisławice,153161850,Lignite,464128.85,518604.64
7128,Tomisławice,153161850,Lignite,464093.93,518572.1
7128,Tomisławice,153161850,Lignite,464065.3522,518550.4184
7128,Tomisławice,153161850,Lignite,464047.89,518537.17
7128,Tomisławice,153161850,Lignite,464005.03,518513.36
7128,Tomisławice,153161850,Lignite,463973.28,518486.37
7128,Tomisławice,153161850,Lignite,463944.7,518457.0
7128,Tomisławice,153161850,Lignite,463899.46,518441.92
7128,Tomisławice,153161850,Lignite,463827.23,518446.68
7128,Tomisławice,153161850,Lignite,463793.1,518465.73
7128,Tomisławice,153161850,Lignite,463786.4491,518470.0414
7128,Tomisławice,153161850,Lignite,463763.6894,518484.795
7128,Tomisławice,153161850,Lignite,463727.22,518498.28
7128,Tomisławice,153161850,Lignite,463685.94,518498.28
7128,Tomisławice,153161850,Lignite,463613.71,518495.1
7128,Tomisławice,153161850,Lignite,463547.03,518507.01
7128,Tomisławice,153161850,Lignite,463482.74,518530.03
7128,Tomisławice,153161850,Lignite,463434.32,518553.05
7128,Tomisławice,153161850,Lignite,463341.45,518582.42
7128,Tomisławice,153161850,Lignite,463268.4983,518602.1706
7128,Tomisławice,153161850,Lignite,463265.25,518603.05
7128,Tomisławice,153161850,Lignite,463225.8452,518604.4109
7128,Tomisławice,153161850,Lignite,463219.21,518604.64
7128,Tomisławice,153161850,Lignite,463166.03,518581.62
7128,Tomisławice,153161850,Lignite,463135.08,518551.46
7128,Tomisławice,153161850,Lignite,463097.77,518487.17
7128,Tomisławice,153161850,Lignite,463079.34,518448.442
7128,Tomisławice,153161850,Lignite,463075.0785,518439.4871
7128,Tomisławice,153161850,Lignite,463062.45,518412.95
7128,Tomisławice,153161850,Lignite,463024.08,518360.69
7128,Tomisławice,153161850,Lignite,462986.38,518311.75
7128,Tomisławice,153161850,Lignite,462953.31,518265.44
7128,Tomisławice,153161850,Lignite,462893.78,518211.2
7128,Tomisławice,153161850,Lignite,462872.2857,518198.3557
7128,Tomisławice,153161850,Lignite,462866.5861,518194.9498
7128,Tomisławice,153161850,Lignite,462836.23,518176.81
7128,Tomisławice,153161850,Lignite,462775.38,518139.11
7128,Tomisławice,153161850,Lignite,462737.67,518130.51
7128,Tomisławice,153161850,Lignite,462690.05,518116.62
7128,Tomisławice,153161850,Lignite,462655.74,518091.68
7128,Tomisławice,153161850,Lignite,462616.85,518036.91
7128,Tomisławice,153161850,Lignite,462561.29,517967.06
7128,Tomisławice,153161850,Lignite,462523.98,517928.17
7128,Tomisławice,153161850,Lignite,462512.4981,517922.3199
7128,Tomisławice,153161850,Lignite,462488.2994,517909.9905
7128,Tomisławice,153161850,Lignite,462439.84,517885.3
7128,Tomisławice,153161850,Lignite,462306.49,517821.8
7128,Tomisławice,153161850,Lignite,462306.0096,517821.5469
7128,Tomisławice,153161850,Lignite,462249.6709,517791.8664
7128,Tomisławice,153161850,Lignite,462232.67,517782.91
7128,Tomisławice,153161850,Lignite,462205.516,517765.7381
7128,Tomisławice,153161850,Lignite,462178.7,517748.78
7128,Tomisławice,153161850,Lignite,462141.1838,517715.5288
7128,Tomisławice,153161850,Lignite,462141.14,517715.49
7128,Tomisławice,153161850,Lignite,462125.52,517675.75
7128,Tomisławice,153161850,Lignite,462096.15,517648.77
7128,Tomisławice,153161850,Lignite,462075.6874,517634.5629
7128,Tomisławice,153161850,Lignite,462058.63,517622.72
7128,Tomisławice,153161850,Lignite,462058.6206,517622.7084
7128,Tomisławice,153161850,Lignite,462036.62,517595.58
7128,Tomisławice,153161850,Lignite,462030.8277,517561.5561
7128,Tomisławice,153161850,Lignite,462030.27,517558.28
7128,Tomisławice,153161850,Lignite,462030.5047,517553.6294
7128,Tomisławice,153161850,Lignite,462033.05,517503.2
7128,Tomisławice,153161850,Lignite,462033.0519,517503.1937
7128,Tomisławice,153161850,Lignite,462050.9,517444.77
7128,Tomisławice,153161850,Lignite,462069.19,517393.03
7128,Tomisławice,153161850,Lignite,462077.7857,517325.5949
7128,Tomisławice,153161850,Lignite,462082.95,517285.08
7128,Tomisławice,153161850,Lignite,462089.3,517203.59
7128,Tomisławice,153161850,Lignite,462091.8649,517187.1679
7128,Tomisławice,153161850,Lignite,462099.88,517135.85
7128,Tomisławice,153161850,Lignite,462154.91,517028.96
7128,Tomisławice,153161850,Lignite,462187.43,516974.91
7128,Tomisławice,153161850,Lignite,462224.74,516944.75
7128,Tomisławice,153161850,Lignite,462258.1355,516942.836
7128,Tomisławice,153161850,Lignite,462288.25,516941.11
7128,Tomisławice,153161850,Lignite,462333.7305,516949.9143
7128,Tomisławice,153161850,Lignite,462333.76,516949.9203
7128,Tomisławice,153161850,Lignite,462382.0095,516953.5499
7128,Tomisławice,153161850,Lignite,462424.3066,516934.8419
7128,Tomisławice,153161850,Lignite,462448.57,516924.11
7128,Tomisławice,153161850,Lignite,462508.9,516881.25
7128,Tomisławice,153161850,Lignite,462531.046,516856.8857
7128,Tomisławice,153161850,Lignite,462556.52,516828.86
7128,Tomisławice,153161850,Lignite,462606.53,516795.52
7128,Tomisławice,153161850,Lignite,462658.12,516763.77
7128,Tomisławice,153161850,Lignite,462715.8,516741.55
7128,Tomisławice,153161850,Lignite,462720.6757,516740.2746
7128,Tomisławice,153161850,Lignite,462753.5702,516731.6701
7128,Tomisławice,153161850,Lignite,462790.95,516715.09
7128,Tomisławice,153161850,Lignite,462810.0,516676.99
7128,Tomisławice,153161850,Lignite,462824.81,516626.19
7128,Tomisławice,153161850,Lignite,462821.64,516577.5
7128,Tomisławice,153161850,Lignite,462779.3,516534.11
7128,Tomisławice,153161850,Lignite,462739.09,516509.77
7128,Tomisławice,153161850,Lignite,462724.8295,516487.8741
7128,Tomisławice,153161850,Lignite,462709.45,516464.26
7128,Tomisławice,153161850,Lignite,462709.45,516423.0228
7128,Tomisławice,153161850,Lignite,462709.45,516421.93
7128,Tomisławice,153161850,Lignite,462710.2348,516420.2566
7128,Tomisławice,153161850,Lignite,462732.8585,516372.0156
7128,Tomisławice,153161850,Lignite,462734.3901,516368.7504
7128,Tomisławice,153161850,Lignite,462736.8143,516364.4766
7128,Tomisławice,153161850,Lignite,462751.7529,516338.1441
7128,Tomisławice,153161850,Lignite,462764.86,516315.04
7128,Tomisławice,153161850,Lignite,462768.4972,516314.2172
7128,Tomisławice,153161850,Lignite,462805.13,516305.93
7128,Tomisławice,153161850,Lignite,462860.16,516328.16
7128,Tomisławice,153161850,Lignite,462912.02,516366.26
7128,Tomisławice,153161850,Lignite,462968.11,516406.48
7128,Tomisławice,153161850,Lignite,463011.5,516430.82
7128,Tomisławice,153161850,Lignite,463066.54,516439.28
7128,Tomisławice,153161850,Lignite,463120.51,516422.35
7128,Tomisławice,153161850,Lignite,463146.97,516411.5
7128,Tomisławice,153161850,Lignite,463168.4,516388.48
7128,Tomisławice,153161850,Lignite,463196.18,516360.7
7128,Tomisławice,153161850,Lignite,463217.61,516354.35
7128,Tomisławice,153161850,Lignite,463240.63,516353.56
7128,Tomisławice,153161850,Lignite,463278.73,516375.78
7128,Tomisławice,153161850,Lignite,463323.18,516403.57
7128,Tomisławice,153161850,Lignite,463373.98,516405.15
7128,Tomisławice,153161850,Lignite,463417.64,516382.13
7128,Tomisławice,153161850,Lignite,463469.17,516342.98
7128,Tomisławice,153161850,Lignite,463480.7896,516335.7857
7128,Tomisławice,153161850,Lignite,463494.6006,516305.733
7128,Tomisławice,153161850,Lignite,463474.7569,516266.0454
7128,Tomisławice,153161850,Lignite,463447.7693,516216.0391
7128,Tomisławice,153161850,Lignite,463452.5318,516175.5578
7128,Tomisławice,153161850,Lignite,463459.6756,516121.5826
7128,Tomisławice,153161850,Lignite,463465.2318,516050.145
7128,Tomisławice,153161850,Lignite,463450.1506,515987.4386
7128,Tomisławice,153161850,Lignite,463393.0004,515933.4635
7128,Tomisławice,153161850,Lignite,463386.6504,515888.2197
7128,Tomisławice,153161850,Lignite,463400.938,515855.6759
7128,Tomisławice,153161850,Lignite,463414.4317,515802.4945
7128,Tomisławice,153161850,Lignite,463469.1617,515725.4946
7128,Tomisławice,153161850,Lignite,463461.23,515694.75
7128,Tomisławice,153161850,Lignite,463467.84,515660.35
7128,Tomisławice,153161850,Lignite,463498.27,515635.21
7128,Tomisławice,153161850,Lignite,463510.23,515612.14
7128,Tomisławice,153161850,Lignite,463513.1912,515583.2489
7128,Tomisławice,153161850,Lignite,463514.1604,515573.7926
7128,Tomisławice,153161850,Lignite,463514.46,515570.87
7128,Tomisławice,153161850,Lignite,463553.62,515535.94
7128,Tomisławice,153161850,Lignite,463615.01,515520.07
7128,Tomisławice,153161850,Lignite,463635.069,515521.9506
7128,Tomisławice,153161850,Lignite,463682.74,515526.42
7128,Tomisławice,153161850,Lignite,463716.2648,515545.4425
7128,Tomisławice,153161850,Lignite,463721.9,515548.64
7128,Tomisławice,153161850,Lignite,463793.86,515570.87
7128,Tomisławice,153161850,Lignite,463841.49,515568.75
7128,Tomisławice,153161850,Lignite,463879.59,515564.52
7128,Tomisławice,153161850,Lignite,463901.81,515553.93
7128,Tomisławice,153161850,Lignite,463904.99,515526.42
7128,Tomisławice,153161850,Lignite,463888.06,515492.55
7128,Tomisławice,153161850,Lignite,463850.06,515462.7691
7128,Tomisławice,153161850,Lignite,463848.9,515461.86
7128,Tomisławice,153161850,Lignite,463833.1116,515452.6734
7128,Tomisławice,153161850,Lignite,463790.69,515427.99
7128,Tomisławice,153161850,Lignite,463724.01,515382.48
7128,Tomisławice,153161850,Lignite,463661.57,515317.93
7128,Tomisławice,153161850,Lignite,463609.71,515287.23
7128,Tomisławice,153161850,Lignite,463568.379,515248.3753
7128,Tomisławice,153161850,Lignite,463556.8,515237.49
7128,Tomisławice,153161850,Lignite,463535.2714,515211.3821
7128,Tomisławice,153161850,Lignite,463507.06,515177.17
7128,Tomisławice,153161850,Lignite,463496.6066,515163.8111
7128,Tomisławice,153161850,Lignite,463493.4117,515159.7282
7128,Tomisławice,153161850,Lignite,463468.96,515128.48
7128,Tomisławice,153161850,Lignite,463438.7252,515100.5743
7128,Tomisławice,153161850,Lignite,463434.6545,515096.8172
7128,Tomisławice,153161850,Lignite,463427.68,515090.38
7128,Tomisławice,153161850,Lignite,463380.8835,515085.4031
7128,Tomisławice,153161850,Lignite,463377.94,515085.09
7128,Tomisławice,153161850,Lignite,463344.07,515085.09
7128,Tomisławice,153161850,Lignite,463308.5282,515081.5365
7128,Tomisławice,153161850,Lignite,463291.16,515079.8
7128,Tomisławice,153161850,Lignite,463268.8982,515069.156
7128,Tomisławice,153161850,Lignite,463249.6717,515059.9633
7128,Tomisławice,153161850,Lignite,463242.47,515056.52
7128,Tomisławice,153161850,Lignite,463224.9642,515044.6915
7128,Tomisławice,153161850,Lignite,463203.31,515030.06
7128,Tomisławice,153161850,Lignite,463200.4716,515021.2228
7128,Tomisławice,153161850,Lignite,463197.8136,515012.9474
7128,Tomisławice,153161850,Lignite,463193.79,515000.42
7128,Tomisławice,153161850,Lignite,463197.1256,514972.3924
7128,Tomisławice,153161850,Lignite,463199.08,514955.97
7128,Tomisławice,153161850,Lignite,463208.6698,514944.0542
7128,Tomisławice,153161850,Lignite,463234.0,514912.58
7128,Tomisławice,153161850,Lignite,463294.2448,514891.59
7128,Tomisławice,153161850,Lignite,463296.0237,514890.9702
7128,Tomisławice,153161850,Lignite,463303.86,514888.24
7128,Tomisławice,153161850,Lignite,463304.2803,514887.7595
7128,Tomisławice,153161850,Lignite,463326.08,514862.84
7128,Tomisławice,153161850,Lignite,463326.08,514854.6867
7128,Tomisławice,153161850,Lignite,463326.08,514834.27
7128,Tomisławice,153161850,Lignite,463292.21,514801.46
7128,Tomisławice,153161850,Lignite,463247.0671,514786.41
7128,Tomisławice,153161850,Lignite,463228.71,514780.29
7128,Tomisławice,153161850,Lignite,463222.112,514776.4276
7128,Tomisławice,153161850,Lignite,463185.32,514754.89
7128,Tomisławice,153161850,Lignite,463174.74,514715.73
7128,Tomisławice,153161850,Lignite,463178.4439,514673.1046
7128,Tomisławice,153161850,Lignite,463178.97,514667.05
7128,Tomisławice,153161850,Lignite,463141.93,514650.12
7128,Tomisławice,153161850,Lignite,463107.0,514642.71
7128,Tomisławice,153161850,Lignite,463105.681,514640.5775
7128,Tomisławice,153161850,Lignite,463093.25,514620.48
7128,Tomisławice,153161850,Lignite,463099.2295,514596.5496
7128,Tomisławice,153161850,Lignite,463102.77,514582.38
7128,Tomisławice,153161850,Lignite,463111.24,514547.46
7128,Tomisławice,153161850,Lignite,463087.95,514516.77
7128,Tomisławice,153161850,Lignite,463058.607,514523.9425
7128,Tomisławice,153161850,Lignite,463040.33,514528.41
7128,Tomisławice,153161850,Lignite,463008.58,514521.0
7128,Tomisławice,153161850,Lignite,462954.0552,514490.1055
7128,Tomisławice,153161850,Lignite,462945.08,514485.02
7128,Tomisławice,153161850,Lignite,462894.28,514454.32
7128,Tomisławice,153161850,Lignite,462856.18,514416.22
7128,Tomisławice,153161850,Lignite,462823.37,514363.31
7128,Tomisławice,153161850,Lignite,462802.2,514317.8
7128,Tomisławice,153161850,Lignite,462795.9104,514263.8288
7128,Tomisławice,153161850,Lignite,462794.8,514254.3
7128,Tomisławice,153161850,Lignite,462802.2,514184.45
7128,Tomisławice,153161850,Lignite,462838.1388,514126.6084
7128,Tomisławice,153161850,Lignite,462845.6,514114.6
7128,Tomisławice,153161850,Lignite,462917.56,514053.21
7128,Tomisławice,153161850,Lignite,462964.13,514024.64
7128,Tomisławice,153161850,Lignite,462995.7085,513997.5715
7128,Tomisławice,153161850,Lignite,463001.17,513992.89
7128,Tomisławice,153161850,Lignite,463002.1338,513991.1462
7128,Tomisławice,153161850,Lignite,463020.9518,513957.0995
7128,Tomisławice,153161850,Lignite,463023.4,513952.67
7128,Tomisławice,153161850,Lignite,463031.238,513923.4526
7128,Tomisławice,153161850,Lignite,463035.04,513909.28
7128,Tomisławice,153161850,Lignite,463035.8846,513904.0712
7128,Tomisławice,153161850,Lignite,463041.39,513870.12
7128,Tomisławice,153161850,Lignite,463077.37,513838.37
7128,Tomisławice,153161850,Lignite,463141.93,513819.32
7128,Tomisławice,153161850,Lignite,463183.2,513809.8
7128,Tomisławice,153161850,Lignite,463198.87,513803.45
7128,Tomisławice,153161850,Lignite,463214.21,513778.05
7128,Tomisławice,153161850,Lignite,463227.4136,513769.0364
7128,Tomisławice,153161850,Lignite,463247.55,513755.29
7128,Tomisławice,153161850,Lignite,463255.4288,513749.6186
7128,Tomisławice,153161850,Lignite,463287.24,513726.72
7128,Tomisławice,153161850,Lignite,463312.9135,513708.1726
7128,Tomisławice,153161850,Lignite,463315.81,513706.08
7128,Tomisławice,153161850,Lignite,463323.5516,513696.5235
7128,Tomisławice,153161850,Lignite,463333.81,513683.86
7128,Tomisławice,153161850,Lignite,463341.74,513654.22
7128,Tomisławice,153161850,Lignite,463365.03,513618.77
7128,Tomisławice,153161850,Lignite,463390.4333,513600.2922
7128,Tomisławice,153161850,Lignite,463399.95,513593.37
7128,Tomisławice,153161850,Lignite,463442.15,513572.6
7128,Tomisławice,153161850,Lignite,463493.75,513545.61
7128,Tomisławice,153161850,Lignite,463546.13,513539.26
7128,Tomisławice,153161850,Lignite,463590.58,513534.5
7128,Tomisławice,153161850,Lignite,463618.6949,513529.8855
7128,Tomisławice,153161850,Lignite,463643.77,513525.77
7128,Tomisławice,153161850,Lignite,463673.13,513520.21
7128,Tomisławice,153161850,Lignite,463706.47,513493.22
7128,Tomisławice,153161850,Lignite,463711.23,513474.97
7128,Tomisławice,153161850,Lignite,463728.3648,513446.1905
7128,Tomisławice,153161850,Lignite,463731.08,513441.63
7128,Tomisławice,153161850,Lignite,463805.69,513377.33
7128,Tomisławice,153161850,Lignite,463838.7333,513362.4968
7128,Tomisławice,153161850,Lignite,463883.48,513342.41
7128,Tomisławice,153161850,Lignite,463936.4,513317.01
7128,Tomisławice,153161850,Lignite,463990.37,513272.56
7128,Tomisławice,153161850,Lignite,464014.3824,513246.5891
7128,Tomisławice,153161850,Lignite,463968.5525,513216.4989
7128,Tomisławice,153161850,Lignite,463909.8149,513206.9739
7128,Tomisławice,153161850,Lignite,463811.3897,513194.2738
7128,Tomisławice,153161850,Lignite,463714.552,513187.9238
7128,Tomisławice,153161850,Lignite,463628.8269,513186.3363
7128,Tomisławice,153161850,Lignite,463590.0578,513154.554
7128,Tomisławice,153161850,Lignite,463598.1996,513047.7927
7128,Tomisławice,153161850,Lignite,463589.502,512951.0786
7128,Tomisławice,153161850,Lignite,463591.4267,512866.6816
7128,Tomisławice,153161850,Lignite,463579.4108,512738.7521
7128,Tomisławice,153161850,Lignite,463568.6144,512669.9228
7128,Tomisławice,153161850,Lignite,463514.9621,512610.6121
7128,Tomisławice,153161850,Lignite,463449.8017,512557.3778
7128,Tomisławice,153161850,Lignite,463409.585,512506.5777
7128,Tomisławice,153161850,Lignite,463385.8521,512408.9836
7128,Tomisławice,153161850,Lignite,463384.75,512372.31
7128,Tomisławice,153161850,Lignite,463370.46,512299.28
7128,Tomisławice,153161850,Lignite,463378.4,512191.33
7128,Tomisławice,153161850,Lignite,463362.53,512126.24
7128,Tomisławice,153161850,Lignite,463343.48,512092.91
7128,Tomisławice,153161850,Lignite,463249.02,512036.02
7128,Tomisławice,153161850,Lignite,463183.4,512014.85
7128,Tomisławice,153161850,Lignite,463141.07,511964.05
7128,Tomisławice,153161850,Lignite,463113.02,511923.31
7128,Tomisławice,153161850,Lignite,463100.85,511877.27
7128,Tomisławice,153161850,Lignite,463093.97,511807.42
7128,Tomisławice,153161850,Lignite,463087.62,511758.21
7128,Tomisławice,153161850,Lignite,463093.97,511705.82
7128,Tomisławice,153161850,Lignite,463114.61,511664.54
7128,Tomisławice,153161850,Lignite,463130.49,511608.98
7128,Tomisławice,153161850,Lignite,463125.72,511556.59
7128,Tomisławice,153161850,Lignite,463111.44,511493.09
7128,Tomisławice,153161850,Lignite,463111.44,511440.71
7128,Tomisławice,153161850,Lignite,463119.37,511401.02
7128,Tomisławice,153161850,Lignite,463127.31,511372.44
7128,Tomisławice,153161850,Lignite,463120.96,511316.88
7128,Tomisławice,153161850,Lignite,463109.85,511281.96
7128,Tomisławice,153161850,Lignite,463114.61,511248.62
7128,Tomisławice,153161850,Lignite,463124.14,511150.19
7128,Tomisławice,153161850,Lignite,463128.9,511107.33
7128,Tomisławice,153161850,Lignite,463127.31,511050.18
7128,Tomisławice,153161850,Lignite,463120.96,511023.19
7128,Tomisławice,153161850,Lignite,463117.79,511004.14
7128,Tomisławice,153161850,Lignite,463125.72,510969.22
7128,Tomisławice,153161850,Lignite,463162.24,510920.01
7128,Tomisławice,153161850,Lignite,463176.48,510864.45
7128,Tomisławice,153161850,Lignite,463216.16,510820.13
7128,Tomisławice,153161850,Lignite,463266.44,510776.48
7128,Tomisławice,153161850,Lignite,463323.16,510781.71
7128,Tomisławice,153161850,Lignite,463382.69,510824.05
7128,Tomisławice,153161850,Lignite,463427.67,510871.67
7128,Tomisławice,153161850,Lignite,463489.79,510894.94
7128,Tomisławice,153161850,Lignite,463546.94,510911.87
7128,Tomisławice,153161850,Lignite,463580.81,510916.1
7128,Tomisławice,153161850,Lignite,463603.56,510912.07
7128,Tomisławice,153161850,Lignite,463610.44,510884.35
7128,Tomisławice,153161850,Lignite,463614.67,510844.14
7128,Tomisławice,153161850,Lignite,463580.07,510773.6
7128,Tomisławice,153161850,Lignite,463564.19,510742.65
7128,Tomisławice,153161850,Lignite,463539.59,510681.53
7128,Tomisławice,153161850,Lignite,463518.95,510639.46
7128,Tomisławice,153161850,Lignite,463511.01,510603.74
7128,Tomisławice,153161850,Lignite,463514.19,510571.99
7128,Tomisławice,153161850,Lignite,463535.62,510528.33
7128,Tomisławice,153161850,Lignite,463542.76,510497.38
7128,Tomisławice,153161850,Lignite,463545.94,510452.93
7128,Tomisławice,153161850,Lignite,463553.4999,510408.8016
7128,Tomisławice,153161850,Lignite,463555.46,510397.36
7128,Tomisławice,153161850,Lignite,463580.86,510323.55
7128,Tomisławice,153161850,Lignite,463609.44,510277.51
7128,Tomisławice,153161850,Lignite,463641.19,510248.93
7128,Tomisławice,153161850,Lignite,463677.7,510202.9
7128,Tomisławice,153161850,Lignite,463712.84,510157.54
7128,Tomisławice,153161850,Lignite,463738.24,510111.5
7128,Tomisławice,153161850,Lignite,463793.8,510025.78
7128,Tomisławice,153161850,Lignite,463847.77,509951.17
7128,Tomisławice,153161850,Lignite,463876.35,509900.37
7128,Tomisławice,153161850,Lignite,463876.35,509878.14
7128,Tomisławice,153161850,Lignite,463847.77,509825.75
7128,Tomisławice,153161850,Lignite,463833.49,509776.54
7128,Tomisławice,153161850,Lignite,463827.14,509724.15
7128,Tomisławice,153161850,Lignite,463838.25,509670.18
7128,Tomisławice,153161850,Lignite,463835.07,509624.14
7128,Tomisławice,153161850,Lignite,463825.55,509574.93
7128,Tomisławice,153161850,Lignite,463808.09,509540.0
7128,Tomisławice,153161850,Lignite,463773.16,509524.13
7128,Tomisławice,153161850,Lignite,463725.54,509522.54
7128,Tomisławice,153161850,Lignite,463654.1,509582.86
7128,Tomisławice,153161850,Lignite,463617.58,509609.85
7128,Tomisławice,153161850,Lignite,463587.42,509619.38
7128,Tomisławice,153161850,Lignite,463560.43,509613.03
7128,Tomisławice,153161850,Lignite,463530.27,509592.39
7128,Tomisławice,153161850,Lignite,463506.46,509565.4
7128,Tomisławice,153161850,Lignite,463485.82,509535.24
7128,Tomisławice,153161850,Lignite,463489.0,509498.73
7128,Tomisławice,153161850,Lignite,463519.16,509471.74
7128,Tomisławice,153161850,Lignite,463546.15,509422.53
7128,Tomisławice,153161850,Lignite,463573.13,509362.2
7128,Tomisławice,153161850,Lignite,463592.18,509300.29
7128,Tomisławice,153161850,Lignite,463612.82,509259.01
7128,Tomisławice,153161850,Lignite,463655.68,509216.15
7128,Tomisławice,153161850,Lignite,463681.93,509187.05
7128,Tomisławice,153161850,Lignite,463704.9,509114.55
7128,Tomisławice,153161850,Lignite,463690.0,509065.0
7128,Tomisławice,153161850,Lignite,463674.36,509038.4
7128,Tomisławice,153161850,Lignite,463650.43,509008.4
7128,Tomisławice,153161850,Lignite,463626.62,508993.85
7128,Tomisławice,153161850,Lignite,463589.58,508979.3
7128,Tomisławice,153161850,Lignite,463547.25,508970.04
7128,Tomisławice,153161850,Lignite,463504.91,508968.71
7128,Tomisławice,153161850,Lignite,463471.16,508974.04
7128,Tomisławice,153161850,Lignite,463437.4,508967.6
7128,Tomisławice,153161850,Lignite,463379.41,508950.62
7128,Tomisławice,153161850,Lignite,463281.34,508962.1
7128,Tomisławice,153161850,Lignite,463242.97,508980.62
7128,Tomisławice,153161850,Lignite,463195.09,509016.85
7128,Tomisławice,153161850,Lignite,463167.6,509022.6
7128,Tomisławice,153161850,Lignite,463141.11,509025.6
7128,Tomisławice,153161850,Lignite,463092.4,509027.4
7128,Tomisławice,153161850,Lignite,463056.6,509035.54
7128,Tomisławice,153161850,Lignite,463026.45,509042.4
7128,Tomisławice,153161850,Lignite,462992.4,509037.6
7128,Tomisławice,153161850,Lignite,462966.48,509016.34
7128,Tomisławice,153161850,Lignite,462940.03,508993.85
7128,Tomisławice,153161850,Lignite,462917.54,508987.23
7128,Tomisławice,153161850,Lignite,462887.11,508981.94
7128,Tomisławice,153161850,Lignite,462843.28,508979.91
7128,Tomisławice,153161850,Lignite,462809.06,508988.56
7128,Tomisławice,153161850,Lignite,462737.62,509007.08
7128,Tomisławice,153161850,Lignite,462674.12,509034.86
7128,Tomisławice,153161850,Lignite,462626.49,509062.64
7128,Tomisławice,153161850,Lignite,462582.84,509090.42
7128,Tomisławice,153161850,Lignite,462528.6,509124.82
7128,Tomisławice,153161850,Lignite,462492.88,509135.4
7128,Tomisławice,153161850,Lignite,462455.84,509144.66
7128,Tomisławice,153161850,Lignite,462397.63,509098.36
7128,Tomisławice,153161850,Lignite,462355.32,509106.31
7128,Tomisławice,153161850,Lignite,462337.31,509114.81
7128,Tomisławice,153161850,Lignite,462304.19,509132.33
7128,Tomisławice,153161850,Lignite,462270.0,509133.69
7128,Tomisławice,153161850,Lignite,462205.82,509131.15
7128,Tomisławice,153161850,Lignite,462156.86,509122.17
7128,Tomisławice,153161850,Lignite,462074.84,509116.88
7128,Tomisławice,153161850,Lignite,462049.7,509130.11
7128,Tomisławice,153161850,Lignite,462019.27,509163.18
7128,Tomisławice,153161850,Lignite,462000.75,509176.41
7128,Tomisławice,153161850,Lignite,461967.68,509171.12
7128,Tomisławice,153161850,Lignite,461937.25,509149.95
7128,Tomisławice,153161850,Lignite,461896.24,509116.88
7128,Tomisławice,153161850,Lignite,461865.81,509087.78
7128,Tomisławice,153161850,Lignite,461820.84,509058.67
7128,Tomisławice,153161850,Lignite,461780.5323,509036.5003
7128,Tomisławice,153161850,Lignite,461741.46,509015.01
7128,Tomisławice,153161850,Lignite,461684.19,508995.71
7128,Tomisławice,153161850,Lignite,461645.55,508969.11
7128,Tomisławice,153161850,Lignite,461643.8,508967.91
7128,Tomisławice,153161850,Lignite,461591.97,508939.61
7128,Tomisławice,153161850,Lignite,461527.15,508910.5
7128,Tomisławice,153161850,Lignite,461406.54,508891.64
7128,Tomisławice,153161850,Lignite,461359.97,508876.82
7128,Tomisławice,153161850,Lignite,461315.52,508855.65
7128,Tomisławice,153161850,Lignite,461288.0,508821.79
7128,Tomisławice,153161850,Lignite,461279.5816,508798.6393
7128,Tomisławice,153161850,Lignite,460688.904,510921.3649
7128,Tomisławice,153161850,Lignite,459359.5848,512167.7809
7128,Tomisławice,153161850,Lignite,459013.0,515846.6442
7128,Tomisławice,153161850,Lignite,463584.3749,519733.7402
7128,Tomisławice,153161850,Lignite,465101.4799,519394.6416
7128,Tomisławice,153161850,Lignite,465063.89,519369.82
7128,Tomisławice,153161850,Lignite,465040.87,519337.27
7128,Tomisławice,153161850,Lignite,465009.92,519315.05
7128,Tomisławice,153161850,Lignite,464977.1344,519306.5253
9976,Bielawy II,17850627,Limestone and mar,436133.2707,548615.0548
9976,Bielawy II,17850627,Limestone and mar,435815.0867,548498.906
9976,Bielawy II,17850627,Limestone and mar,435101.9905,548743.6687
9976,Bielawy II,17850627,Limestone and mar,434637.557,549121.5198
9976,Bielawy II,17850627,Limestone and mar,433150.6772,549122.0131
9976,Bielawy II,17850627,Limestone and mar,430317.156,551066.2411
9976,Bielawy II,17850627,Limestone and mar,429014.9813,552422.229
9976,Bielawy II,17850627,Limestone and mar,428728.4342,553265.0852
9976,Bielawy II,17850627,Limestone and mar,429355.1679,554201.6267
9976,Bielawy II,17850627,Limestone and mar,429829.5198,554029.4045
9976,Bielawy II,17850627,Limestone and mar,430912.1648,553409.4056
9976,Bielawy II,17850627,Limestone and mar,431455.8712,552789.3892
9976,Bielawy II,17850627,Limestone and mar,432187.7306,552464.097
9976,Bielawy II,17850627,Limestone and mar,432947.048,551975.0707
9976,Bielawy II,17850627,Limestone and mar,433509.1784,551694.491
9976,Bielawy II,17850627,Limestone and mar,434614.8119,551002.884
9976,Bielawy II,17850627,Limestone and mar,434729.9538,550828.7046
9976,Bielawy II,17850627,Limestone and mar,435394.487,550635.2806
9976,Bielawy II,17850627,Limestone and mar,436349.0321,550623.7652
9976,Bielawy II,17850627,Limestone and mar,436728.2664,549698.3609
9976,Bielawy II,17850627,Limestone and mar,436323.2296,548794.7467
9976,Bielawy II,17850627,Limestone and mar,436133.2707,548615.0548
9028,Inowrocław II,304265,Therapeutic groundwater,449531.0,547575.26
9028,Inowrocław II,304265,Therapeutic groundwater,448773.18,547476.94
9028,Inowrocław II,304265,Therapeutic groundwater,448526.32,547509.52
9028,Inowrocław II,304265,Therapeutic groundwater,448516.89,547697.14
9028,Inowrocław II,304265,Therapeutic groundwater,448584.14,547804.86
9028,Inowrocław II,304265,Therapeutic groundwater,449093.42,547850.14
9028,Inowrocław II,304265,Therapeutic groundwater,449484.06,547905.07
9028,Inowrocław II,304265,Therapeutic groundwater,449531.0,547575.26
9027,Inowrocław II,766863,Therapeutic groundwater,450746.6024,546137.0733
9027,Inowrocław II,766863,Therapeutic groundwater,450590.3666,545952.6883
9027,Inowrocław II,766863,Therapeutic groundwater,450215.3802,545994.8217
9027,Inowrocław II,766863,Therapeutic groundwater,450076.1919,546232.2785
9027,Inowrocław II,766863,Therapeutic groundwater,449950.3214,547195.5676
9027,Inowrocław II,766863,Therapeutic groundwater,450454.3688,547310.5698
9027,Inowrocław II,766863,Therapeutic groundwater,450657.5398,546736.9813
9027,Inowrocław II,766863,Therapeutic groundwater,450746.6024,546137.0733
2315,Pątnów,420000000,Lignite,452755.96,507252.13
2315,Pątnów,420000000,Lignite,452742.52,507251.06
2315,Pątnów,420000000,Lignite,452710.99,507263.09
2315,Pątnów,420000000,Lignite,452653.41,507300.53
2315,Pątnów,420000000,Lignite,452623.27,507331.5
2315,Pątnów,420000000,Lignite,452557.79,507411.84
2315,Pątnów,420000000,Lignite,452521.75,507444.44
2315,Pątnów,420000000,Lignite,452488.25,507461.93
2315,Pątnów,420000000,Lignite,452434.55,507472.37
2315,Pątnów,420000000,Lignite,452414.43,507482.16
2315,Pątnów,420000000,Lignite,452399.27,507500.54
2315,Pątnów,420000000,Lignite,452371.94,507551.68
2315,Pątnów,420000000,Lignite,452355.79,507568.3
2315,Pątnów,420000000,Lignite,452341.56,507574.89
2315,Pątnów,420000000,Lignite,452323.46,507578.5
2315,Pątnów,420000000,Lignite,452249.78,507578.68
2315,Pątnów,420000000,Lignite,452222.2,507582.77
2315,Pątnów,420000000,Lignite,452201.4,507593.83
2315,Pątnów,420000000,Lignite,452171.31,507623.75
2315,Pątnów,420000000,Lignite,452154.42,507651.19
2315,Pątnów,420000000,Lignite,452150.72,507674.39
2315,Pątnów,420000000,Lignite,452157.77,507695.19
2315,Pątnów,420000000,Lignite,452185.7,507744.65
2315,Pątnów,420000000,Lignite,452195.84,507777.8
2315,Pątnów,420000000,Lignite,452207.77,507842.48
2315,Pątnów,420000000,Lignite,452208.57,507899.63
2315,Pątnów,420000000,Lignite,452204.48,507925.34
2315,Pątnów,420000000,Lignite,452195.52,507948.17
2315,Pątnów,420000000,Lignite,452146.91,508022.16
2315,Pątnów,420000000,Lignite,452133.08,508049.12
2315,Pątnów,420000000,Lignite,452127.09,508073.36
2315,Pątnów,420000000,Lignite,452127.16,508109.76
2315,Pątnów,420000000,Lignite,452133.64,508149.8
2315,Pątnów,420000000,Lignite,452146.06,508191.5
2315,Pątnów,420000000,Lignite,452195.84,508280.12
2315,Pątnów,420000000,Lignite,452226.46,508385.19
2315,Pątnów,420000000,Lignite,452239.2847,508414.58
2315,Pątnów,420000000,Lignite,453016.6325,507523.0574
2315,Pątnów,420000000,Lignite,453015.4352,507515.1215
2315,Pątnów,420000000,Lignite,453025.5919,507420.3466
2315,Pątnów,420000000,Lignite,453025.1652,507364.9942
2315,Pątnów,420000000,Lignite,453018.4407,507354.7171
2315,Pątnów,420000000,Lignite,453008.9157,507351.1452
2315,Pątnów,420000000,Lignite,452997.5951,507347.277
2315,Pątnów,420000000,Lignite,452978.65,507342.87
2315,Pątnów,420000000,Lignite,452916.22,507315.71
2315,Pątnów,420000000,Lignite,452858.62,507314.21
2315,Pątnów,420000000,Lignite,452840.84,507310.66
2315,Pątnów,420000000,Lignite,452819.99,507298.75
2315,Pątnów,420000000,Lignite,452770.44,507258.61
2315,Pątnów,420000000,Lignite,452755.96,507252.13
2315,Pątnów,420000000,Lignite,445329.03,511595.85
2315,Pątnów,420000000,Lignite,445354.43,511588.7
2315,Pątnów,420000000,Lignite,445387.77,511592.67
2315,Pątnów,420000000,Lignite,445425.08,511596.64
2315,Pątnów,420000000,Lignite,445452.86,511595.85
2315,Pątnów,420000000,Lignite,445561.28,511571.78
2315,Pątnów,420000000,Lignite,445593.53,511566.74
2315,Pątnów,420000000,Lignite,445619.63,511556.23
2315,Pątnów,420000000,Lignite,445679.97,511514.25
2315,Pątnów,420000000,Lignite,445727.56,511466.26
2315,Pątnów,420000000,Lignite,445754.43,511421.43
2315,Pątnów,420000000,Lignite,445764.41,511373.36
2315,Pątnów,420000000,Lignite,445763.4,511332.7
2315,Pątnów,420000000,Lignite,445755.81,511287.42
2315,Pątnów,420000000,Lignite,445741.84,511238.99
2315,Pątnów,420000000,Lignite,445722.72,511191.76
2315,Pątnów,420000000,Lignite,445695.47,511151.33
2315,Pątnów,420000000,Lignite,445630.49,511082.97
2315,Pątnów,420000000,Lignite,445607.34,511054.59
2315,Pątnów,420000000,Lignite,445585.82,511016.89
2315,Pątnów,420000000,Lignite,445567.61,510971.81
2315,Pątnów,420000000,Lignite,445550.64,510907.53
2315,Pątnów,420000000,Lignite,445538.77,510829.67
2315,Pątnów,420000000,Lignite,445519.02,510612.86
2315,Pątnów,420000000,Lignite,445519.0777,510575.6623
2315,Pątnów,420000000,Lignite,445519.13,510541.98
2315,Pątnów,420000000,Lignite,445516.18,510514.64
2315,Pątnów,420000000,Lignite,445509.62,510496.1
2315,Pątnów,420000000,Lignite,445498.25,510481.12
2315,Pątnów,420000000,Lignite,445478.26,510464.31
2315,Pątnów,420000000,Lignite,445453.81,510450.04
2315,Pątnów,420000000,Lignite,445420.99,510438.71
2315,Pątnów,420000000,Lignite,445406.38,510436.31
2315,Pątnów,420000000,Lignite,445393.8,510438.04
2315,Pątnów,420000000,Lignite,445376.43,510446.54
2315,Pątnów,420000000,Lignite,445336.24,510481.29
2315,Pątnów,420000000,Lignite,445316.63,510492.43
2315,Pątnów,420000000,Lignite,445295.56,510495.27
2315,Pątnów,420000000,Lignite,445239.7,510488.74
2315,Pątnów,420000000,Lignite,445213.49,510491.02
2315,Pątnów,420000000,Lignite,445164.05,510506.32
2315,Pątnów,420000000,Lignite,445119.16,510530.99
2315,Pątnów,420000000,Lignite,445098.07,510548.25
2315,Pątnów,420000000,Lignite,445086.14,510573.35
2315,Pątnów,420000000,Lignite,445083.2614,510580.3745
2315,Pątnów,420000000,Lignite,445053.07,510654.05
2315,Pątnów,420000000,Lignite,445034.55,510700.35
2315,Pątnów,420000000,Lignite,445029.26,510745.99
2315,Pątnów,420000000,Lignite,445021.98,510759.88
2315,Pątnów,420000000,Lignite,445012.06,510768.48
2315,Pątnów,420000000,Lignite,444994.86,510768.48
2315,Pątnów,420000000,Lignite,444949.88,510756.57
2315,Pątnów,420000000,Lignite,444906.33,510739.23
2315,Pątnów,420000000,Lignite,444880.94,510703.91
2315,Pątnów,420000000,Lignite,444862.57,510651.4
2315,Pątnów,420000000,Lignite,444825.24,510596.93
2315,Pątnów,420000000,Lignite,444809.9465,510585.5492
2315,Pątnów,420000000,Lignite,444807.0098,510583.3639
2315,Pątnów,420000000,Lignite,444794.44,510574.01
2315,Pątnów,420000000,Lignite,444755.97,510553.15
2315,Pątnów,420000000,Lignite,444720.6,510551.09
2315,Pątnów,420000000,Lignite,444624.75,510553.53
2315,Pątnów,420000000,Lignite,444519.95,510560.57
2315,Pątnów,420000000,Lignite,444459.23,510560.02
2315,Pątnów,420000000,Lignite,444382.37,510555.81
2315,Pątnów,420000000,Lignite,444322.27,510547.08
2315,Pątnów,420000000,Lignite,444279.92,510535.84
2315,Pątnów,420000000,Lignite,444252.58,510523.57
2315,Pątnów,420000000,Lignite,444220.54,510502.71
2315,Pątnów,420000000,Lignite,444134.99,510437.32
2315,Pątnów,420000000,Lignite,444108.36,510422.86
2315,Pątnów,420000000,Lignite,444083.97,510415.31
2315,Pątnów,420000000,Lignite,444050.41,510415.78
2315,Pątnów,420000000,Lignite,444013.25,510429.24
2315,Pątnów,420000000,Lignite,443968.94,510460.24
2315,Pątnów,420000000,Lignite,443918.01,510490.01
2315,Pątnów,420000000,Lignite,443853.18,510508.53
2315,Pątnów,420000000,Lignite,443805.56,510512.49
2315,Pątnów,420000000,Lignite,443773.15,510519.11
2315,Pątnów,420000000,Lignite,443738.75,510538.95
2315,Pątnów,420000000,Lignite,443702.74,510547.34
2315,Pątnów,420000000,Lignite,443672.34,510538.47
2315,Pątnów,420000000,Lignite,443639.54,510519.23
2315,Pątnów,420000000,Lignite,443573.92,510473.2
2315,Pątnów,420000000,Lignite,443511.21,510429.55
2315,Pątnów,420000000,Lignite,443482.24,510400.58
2315,Pątnów,420000000,Lignite,443468.82,510353.28
2315,Pątnów,420000000,Lignite,443462.84,510337.4
2315,Pątnów,420000000,Lignite,443460.41,510328.34
2315,Pątnów,420000000,Lignite,443458.82,510316.44
2315,Pątnów,420000000,Lignite,443451.68,510297.39
2315,Pątnów,420000000,Lignite,443446.52,510272.39
2315,Pątnów,420000000,Lignite,443431.06,510251.21
2315,Pątnów,420000000,Lignite,443397.83,510236.27
2315,Pątnów,420000000,Lignite,443342.93,510225.69
2315,Pątnów,420000000,Lignite,443288.03,510216.43
2315,Pątnów,420000000,Lignite,443233.13,510192.61
2315,Pątnów,420000000,Lignite,443185.02,510165.24
2315,Pątnów,420000000,Lignite,443120.1,510147.31
2315,Pątnów,420000000,Lignite,443039.99,510135.07
2315,Pątnów,420000000,Lignite,442946.06,510154.91
2315,Pątnów,420000000,Lignite,442882.11,510160.63
2315,Pątnów,420000000,Lignite,442856.4,510148.9
2315,Pątnów,420000000,Lignite,442841.24,510132.84
2315,Pątnów,420000000,Lignite,442829.48,510109.05
2315,Pątnów,420000000,Lignite,442801.16,509990.19
2315,Pątnów,420000000,Lignite,442760.55,509888.53
2315,Pątnów,420000000,Lignite,442734.61,509844.8
2315,Pątnów,420000000,Lignite,442720.91,509831.77
2315,Pątnów,420000000,Lignite,442707.42,509825.19
2315,Pątnów,420000000,Lignite,442687.74,509824.14
2315,Pątnów,420000000,Lignite,442663.57,509830.62
2315,Pątnów,420000000,Lignite,442535.49,509899.85
2315,Pątnów,420000000,Lignite,442504.74,509910.6
2315,Pątnów,420000000,Lignite,442478.75,509913.07
2315,Pątnów,420000000,Lignite,442457.63,509908.47
2315,Pątnów,420000000,Lignite,442434.98,509897.35
2315,Pątnów,420000000,Lignite,442346.28,509827.74
2315,Pątnów,420000000,Lignite,442306.03,509807.47
2315,Pątnów,420000000,Lignite,442272.62,509805.55
2315,Pątnów,420000000,Lignite,442198.75,509825.45
2315,Pątnów,420000000,Lignite,442165.15,509827.29
2315,Pątnów,420000000,Lignite,442125.59,509818.34
2315,Pątnów,420000000,Lignite,442032.86,509783.28
2315,Pątnów,420000000,Lignite,441986.95,509777.43
2315,Pątnów,420000000,Lignite,441937.26,509784.69
2315,Pątnów,420000000,Lignite,441908.01,509797.31
2315,Pątnów,420000000,Lignite,441886.14,509819.84
2315,Pątnów,420000000,Lignite,441840.9,509885.23
2315,Pątnów,420000000,Lignite,441827.3,509898.15
2315,Pątnów,420000000,Lignite,441813.44,509905.83
2315,Pątnów,420000000,Lignite,441783.92,509909.84
2315,Pątnów,420000000,Lignite,441747.37,509906.3
2315,Pątnów,420000000,Lignite,441718.49,509897.67
2315,Pątnów,420000000,Lignite,441698.41,509883.23
2315,Pątnów,420000000,Lignite,441679.33,509857.93
2315,Pątnów,420000000,Lignite,441640.15,509780.94
2315,Pątnów,420000000,Lignite,441618.3,509750.01
2315,Pątnów,420000000,Lignite,441590.61,509727.88
2315,Pątnów,420000000,Lignite,441516.36,509685.74
2315,Pątnów,420000000,Lignite,441489.86,509659.44
2315,Pątnów,420000000,Lignite,441478.45,509629.85
2315,Pątnów,420000000,Lignite,441483.87,509539.62
2315,Pątnów,420000000,Lignite,441485.46,509514.22
2315,Pątnów,420000000,Lignite,441488.63,509497.29
2315,Pątnów,420000000,Lignite,441453.18,509463.95
2315,Pątnów,420000000,Lignite,441428.84,509425.85
2315,Pątnów,420000000,Lignite,441391.59,509414.23
2315,Pątnów,420000000,Lignite,441366.45,509399.68
2315,Pątnów,420000000,Lignite,441323.46,509372.56
2315,Pątnów,420000000,Lignite,441304.28,509351.39
2315,Pątnów,420000000,Lignite,441291.71,509331.55
2315,Pątnów,420000000,Lignite,441272.53,509311.7
2315,Pątnów,420000000,Lignite,441257.31,509303.1
2315,Pątnów,420000000,Lignite,441226.22,509303.76
2315,Pątnów,420000000,Lignite,441140.8186,509300.59
2315,Pątnów,420000000,Lignite,441060.9918,509305.1955
2315,Pątnów,420000000,Lignite,441025.87,509300.8533
2315,Pątnów,420000000,Lignite,440997.0731,509292.0542
2315,Pątnów,420000000,Lignite,440957.3886,509277.6548
2315,Pątnów,420000000,Lignite,440879.6707,509241.785
2315,Pątnów,420000000,Lignite,440807.3114,509198.3412
2315,Pątnów,420000000,Lignite,440721.1064,509129.0968
2315,Pątnów,420000000,Lignite,440664.3035,509091.737
2315,Pątnów,420000000,Lignite,440581.7594,509036.4889
2315,Pątnów,420000000,Lignite,440544.9185,509006.0963
2315,Pątnów,420000000,Lignite,440497.4251,508966.9157
2315,Pątnów,420000000,Lignite,440472.1964,508947.0146
2315,Pątnów,420000000,Lignite,440433.2971,508933.2116
2315,Pątnów,420000000,Lignite,440357.2773,508919.8113
2315,Pątnów,420000000,Lignite,440293.4476,508919.2564
2315,Pątnów,420000000,Lignite,440191.4852,508910.3487
2315,Pątnów,420000000,Lignite,440141.0473,508902.2067
2315,Pątnów,420000000,Lignite,440074.8099,508877.1015
2315,Pątnów,420000000,Lignite,440043.7209,508852.283
2315,Pątnów,420000000,Lignite,439987.656,508795.6364
2315,Pątnów,420000000,Lignite,439959.9515,508757.1945
2315,Pątnów,420000000,Lignite,439902.3557,508680.1067
2315,Pątnów,420000000,Lignite,439871.3147,508660.2518
2315,Pątnów,420000000,Lignite,439799.6517,508624.1399
2315,Pątnów,420000000,Lignite,439766.2924,508605.1098
2315,Pątnów,420000000,Lignite,439709.9464,508554.695
2315,Pątnów,420000000,Lignite,439693.3714,508522.3965
2315,Pątnów,420000000,Lignite,439666.7808,508437.4651
2315,Pątnów,420000000,Lignite,439655.0219,508408.2966
2315,Pątnów,420000000,Lignite,439614.2072,508389.1651
2315,Pątnów,420000000,Lignite,439594.4634,508376.0568
2315,Pątnów,420000000,Lignite,439585.3463,508362.8031
2315,Pątnów,420000000,Lignite,439580.9147,508351.724
2315,Pątnów,420000000,Lignite,439581.8741,508344.3273
2315,Pątnów,420000000,Lignite,439583.1696,508334.3385
2315,Pątnów,420000000,Lignite,439589.6894,508324.1736
2315,Pątnów,420000000,Lignite,439609.8568,508308.4878
2315,Pątnów,420000000,Lignite,439697.852,508236.9707
2315,Pątnów,420000000,Lignite,439726.2511,508219.5542
2315,Pątnów,420000000,Lignite,439732.1208,508216.4537
2315,Pątnów,420000000,Lignite,439747.4458,508208.3587
2315,Pątnów,420000000,Lignite,439761.1211,508197.8393
2315,Pątnów,420000000,Lignite,439776.7175,508192.654
2315,Pątnów,420000000,Lignite,439794.9716,508194.5771
2315,Pątnów,420000000,Lignite,439853.9341,508194.4346
2315,Pątnów,420000000,Lignite,439908.3372,508200.9112
2315,Pątnów,420000000,Lignite,439926.3267,508200.9112
2315,Pątnów,420000000,Lignite,439957.6907,508200.9112
2315,Pątnów,420000000,Lignite,439977.3792,508198.8636
2315,Pątnów,420000000,Lignite,440003.3314,508196.1646
2315,Pątnów,420000000,Lignite,440073.4526,508172.7997
2315,Pątnów,420000000,Lignite,440108.8292,508164.9642
2315,Pątnów,420000000,Lignite,440147.2609,508158.6095
2315,Pątnów,420000000,Lignite,440181.9459,508139.5887
2315,Pątnów,420000000,Lignite,440216.0255,508124.9743
2315,Pątnów,420000000,Lignite,440286.1893,508110.2888
2315,Pątnów,420000000,Lignite,440322.223,508102.1739
2315,Pątnów,420000000,Lignite,440345.4384,508096.9457
2315,Pątnów,420000000,Lignite,440358.5801,508085.9228
2315,Pątnów,420000000,Lignite,440356.525,508067.3951
2315,Pątnów,420000000,Lignite,440326.011,507986.949
2315,Pątnów,420000000,Lignite,440308.0461,507915.0308
2315,Pątnów,420000000,Lignite,440308.4872,507893.9031
2315,Pątnów,420000000,Lignite,440324.8041,507857.1901
2315,Pątnów,420000000,Lignite,440343.125,507837.8834
2315,Pątnów,420000000,Lignite,440368.1606,507820.4674
2315,Pątnów,420000000,Lignite,440423.9613,507818.3463
2315,Pątnów,420000000,Lignite,440475.6136,507819.9104
2315,Pątnów,420000000,Lignite,440530.5302,507817.6634
2315,Pątnów,420000000,Lignite,440540.7996,507817.2432
2315,Pątnów,420000000,Lignite,440579.5792,507802.0373
2315,Pątnów,420000000,Lignite,440596.8853,507790.4566
2315,Pątnów,420000000,Lignite,440628.3616,507769.3937
2315,Pątnów,420000000,Lignite,440674.4484,507743.7262
2315,Pątnów,420000000,Lignite,440750.5274,507730.7901
2315,Pątnów,420000000,Lignite,440815.7952,507726.6714
2315,Pątnów,420000000,Lignite,440875.9012,507741.928
2315,Pątnów,420000000,Lignite,440928.8411,507757.6388
2315,Pątnów,420000000,Lignite,441009.8425,507774.5145
2315,Pątnów,420000000,Lignite,441069.519,507794.1808
2315,Pątnów,420000000,Lignite,441070.5348,507794.5156
2315,Pątnów,420000000,Lignite,441074.4284,507796.7463
2315,Pątnów,420000000,Lignite,441102.1095,507812.6051
2315,Pątnów,420000000,Lignite,441124.0177,507829.6805
2315,Pątnów,420000000,Lignite,441134.188,507844.0269
2315,Pątnów,420000000,Lignite,441137.7883,507862.3556
2315,Pątnów,420000000,Lignite,441137.9344,507884.4574
2315,Pątnów,420000000,Lignite,441137.1349,507905.8022
2315,Pątnów,420000000,Lignite,441146.2901,507920.2577
2315,Pątnów,420000000,Lignite,441157.088,507922.6994
2315,Pątnów,420000000,Lignite,441209.91,507920.96
2315,Pątnów,420000000,Lignite,441242.73,507914.93
2315,Pątnów,420000000,Lignite,441258.6358,507905.3661
2315,Pątnów,420000000,Lignite,441269.19,507899.02
2315,Pątnów,420000000,Lignite,441298.42,507860.51
2315,Pątnów,420000000,Lignite,441302.99,507839.8
2315,Pątnów,420000000,Lignite,441307.62,507801.44
2315,Pątnów,420000000,Lignite,441309.61,507752.49
2315,Pątnów,420000000,Lignite,441293.07,507690.31
2315,Pątnów,420000000,Lignite,441259.86,507612.66
2315,Pątnów,420000000,Lignite,441197.78,507374.97
2315,Pątnów,420000000,Lignite,441182.12,507319.93
2315,Pątnów,420000000,Lignite,441149.45,507175.43
2315,Pątnów,420000000,Lignite,441123.96,507102.57
2315,Pątnów,420000000,Lignite,441097.44,507055.95
2315,Pątnów,420000000,Lignite,441053.75,507003.26
2315,Pątnów,420000000,Lignite,441026.0,506983.05
2315,Pątnów,420000000,Lignite,440988.93,506974.48
2315,Pątnów,420000000,Lignite,440969.64,506966.16
2315,Pątnów,420000000,Lignite,440951.89,506941.41
2315,Pątnów,420000000,Lignite,440946.6,506917.59
2315,Pątnów,420000000,Lignite,440938.66,506880.55
2315,Pątnów,420000000,Lignite,440930.72,506841.53
2315,Pątnów,420000000,Lignite,440933.84,506760.42
2315,Pątnów,420000000,Lignite,440975.26,506615.62
2315,Pątnów,420000000,Lignite,441034.18,506508.33
2315,Pątnów,420000000,Lignite,441048.78,506474.26
2315,Pątnów,420000000,Lignite,441053.67,506440.19
2315,Pątnów,420000000,Lignite,441044.85,506405.75
2315,Pątnów,420000000,Lignite,441025.25,506371.11
2315,Pątnów,420000000,Lignite,440995.14,506334.66
2315,Pątnów,420000000,Lignite,440955.3,506297.43
2315,Pątnów,420000000,Lignite,440909.12,506262.63
2315,Pątnów,420000000,Lignite,440888.84,506251.92
2315,Pątnów,420000000,Lignite,440863.73,506244.06
2315,Pątnów,420000000,Lignite,440748.86,506228.42
2315,Pątnów,420000000,Lignite,440704.09,506214.29
2315,Pątnów,420000000,Lignite,440676.88,506193.47
2315,Pątnów,420000000,Lignite,440674.5109,506190.0447
2315,Pątnów,420000000,Lignite,440653.8442,506174.885
2315,Pątnów,420000000,Lignite,440628.1654,506167.0697
2315,Pątnów,420000000,Lignite,440595.6073,506162.0342
2315,Pątnów,420000000,Lignite,440519.3816,506159.6888
2315,Pątnów,420000000,Lignite,440510.4544,506159.4626
2315,Pątnów,420000000,Lignite,440423.3756,506157.2567
2315,Pątnów,420000000,Lignite,440371.798,506155.3324
2315,Pątnów,420000000,Lignite,440347.2935,506145.4282
2315,Pątnów,420000000,Lignite,440309.8112,506116.9416
2315,Pątnów,420000000,Lignite,440303.7183,506081.603
2315,Pątnów,420000000,Lignite,440301.2945,506053.2468
2315,Pątnów,420000000,Lignite,440313.3616,506002.2499
2315,Pątnów,420000000,Lignite,440319.8595,505974.789
2315,Pątnów,420000000,Lignite,440338.8737,505908.0585
2315,Pątnów,420000000,Lignite,440369.9395,505827.5697
2315,Pątnów,420000000,Lignite,440390.3392,505756.8956
2315,Pątnów,420000000,Lignite,440410.71,505690.92
2315,Pątnów,420000000,Lignite,440436.53,505601.52
2315,Pątnów,420000000,Lignite,440441.22,505566.81
2315,Pątnów,420000000,Lignite,440433.47,505501.7
2315,Pątnów,420000000,Lignite,440425.92,505484.41
2315,Pątnów,420000000,Lignite,440414.49,505473.05
2315,Pątnów,420000000,Lignite,440396.24,505464.08
2315,Pątnów,420000000,Lignite,440372.27,505457.97
2315,Pątnów,420000000,Lignite,440346.91,505455.62
2315,Pątnów,420000000,Lignite,440327.81,505458.33
2315,Pątnów,420000000,Lignite,440293.25,505473.2
2315,Pątnów,420000000,Lignite,440264.0894,505490.7075
2315,Pątnów,420000000,Lignite,440250.8352,505516.6393
2315,Pątnów,420000000,Lignite,440237.7111,505556.5937
2315,Pątnów,420000000,Lignite,440214.561,505597.0343
2315,Pątnów,420000000,Lignite,440174.8734,505622.8313
2315,Pątnów,420000000,Lignite,440163.0146,505625.4665
2315,Pątnów,420000000,Lignite,440150.0203,505620.1104
2315,Pątnów,420000000,Lignite,440139.162,505609.7242
2315,Pątnów,420000000,Lignite,440111.3733,505583.1437
2315,Pątnów,420000000,Lignite,440070.3627,505529.8299
2315,Pątnów,420000000,Lignite,440048.4874,505505.6466
2315,Pątnów,420000000,Lignite,440033.97,505494.66
2315,Pątnów,420000000,Lignite,439914.0,505418.59
2315,Pątnów,420000000,Lignite,439889.78,505406.62
2315,Pątnów,420000000,Lignite,439869.33,505400.64
2315,Pątnów,420000000,Lignite,439849.77,505400.72
2315,Pątnów,420000000,Lignite,439833.23,505407.95
2315,Pątnów,420000000,Lignite,439822.78,505418.59
2315,Pątnów,420000000,Lignite,439796.79,505457.86
2315,Pątnów,420000000,Lignite,439769.86,505471.9
2315,Pątnów,420000000,Lignite,439710.4255,505506.9991
2315,Pątnów,420000000,Lignite,439652.8785,505526.8429
2315,Pątnów,420000000,Lignite,439595.5422,505523.8048
2315,Pątnów,420000000,Lignite,439529.0761,505513.5947
2315,Pątnów,420000000,Lignite,439478.2532,505495.0928
2315,Pątnów,420000000,Lignite,439421.8319,505452.6137
2315,Pątnów,420000000,Lignite,439361.8617,505421.5351
2315,Pątnów,420000000,Lignite,439290.8089,505399.3408
2315,Pątnów,420000000,Lignite,439216.3152,505397.8583
2315,Pątnów,420000000,Lignite,439127.0181,505397.8583
2315,Pątnów,420000000,Lignite,439040.0541,505377.3962
2315,Pątnów,420000000,Lignite,438992.0803,505366.1082
2315,Pątnów,420000000,Lignite,438867.8233,505333.2822
2315,Pątnów,420000000,Lignite,438839.3537,505330.9707
2315,Pątnów,420000000,Lignite,438828.94,505335.42
2315,Pątnów,420000000,Lignite,438730.4,505350.06
2315,Pątnów,420000000,Lignite,438680.54,505368.82
2315,Pątnów,420000000,Lignite,438637.66,505392.91
2315,Pątnów,420000000,Lignite,438583.57,505429.29
2315,Pątnów,420000000,Lignite,438513.85,505497.94
2315,Pątnów,420000000,Lignite,438497.88,505506.12
2315,Pątnów,420000000,Lignite,438482.64,505507.6
2315,Pątnów,420000000,Lignite,438461.5,505499.9
2315,Pątnów,420000000,Lignite,438417.23,505470.07
2315,Pątnów,420000000,Lignite,438397.54,505460.24
2315,Pątnów,420000000,Lignite,438376.94,505456.19
2315,Pątnów,420000000,Lignite,438322.04,505453.73
2315,Pątnów,420000000,Lignite,438309.81,505450.08
2315,Pątnów,420000000,Lignite,438301.76,505443.89
2315,Pątnów,420000000,Lignite,438296.6,505432.8
2315,Pątnów,420000000,Lignite,438295.54,505416.85
2315,Pątnów,420000000,Lignite,438307.42,505346.76
2315,Pątnów,420000000,Lignite,438308.05,505319.56
2315,Pątnów,420000000,Lignite,438292.05,505260.64
2315,Pątnów,420000000,Lignite,438273.13,505219.23
2315,Pątnów,420000000,Lignite,438257.11,505199.58
2315,Pątnów,420000000,Lignite,438239.3,505189.16
2315,Pątnów,420000000,Lignite,438224.27,505187.86
2315,Pątnów,420000000,Lignite,438172.95,505194.51
2315,Pątnów,420000000,Lignite,438151.27,505187.8
2315,Pątnów,420000000,Lignite,438128.35,505174.36
2315,Pątnów,420000000,Lignite,438083.66,505132.04
2315,Pątnów,420000000,Lignite,438050.76,505074.64
2315,Pątnów,420000000,Lignite,438033.21,505053.07
2315,Pątnów,420000000,Lignite,438007.06,505031.32
2315,Pątnów,420000000,Lignite,437942.4,504987.47
2315,Pątnów,420000000,Lignite,437917.98,504965.33
2315,Pątnów,420000000,Lignite,437907.2757,504949.5521
2315,Pątnów,420000000,Lignite,437892.9439,504940.7089
2315,Pątnów,420000000,Lignite,437873.6739,504935.1242
2315,Pątnów,420000000,Lignite,437857.5178,504931.2775
2315,Pątnów,420000000,Lignite,437840.2268,504927.1606
2315,Pątnów,420000000,Lignite,437814.5444,504918.5997
2315,Pątnów,420000000,Lignite,437788.2089,504910.1873
2315,Pątnów,420000000,Lignite,437753.9216,504901.038
2315,Pątnów,420000000,Lignite,437736.1614,504895.1179
2315,Pątnów,420000000,Lignite,437719.9714,504888.3448
2315,Pątnów,420000000,Lignite,437709.0581,504883.8234
2315,Pątnów,420000000,Lignite,437703.5808,504878.5104
2315,Pątnów,420000000,Lignite,437698.4748,504871.5864
2315,Pątnów,420000000,Lignite,437695.3672,504863.6489
2315,Pątnów,420000000,Lignite,437695.3672,504856.0421
2315,Pątnów,420000000,Lignite,437695.3672,504843.8051
2315,Pątnów,420000000,Lignite,437693.1831,504839.1749
2315,Pątnów,420000000,Lignite,437687.8914,504835.8676
2315,Pątnów,420000000,Lignite,437681.2768,504838.1827
2315,Pątnów,420000000,Lignite,437661.6327,504843.8167
2315,Pątnów,420000000,Lignite,437624.3913,504846.1202
2315,Pątnów,420000000,Lignite,437590.6569,504846.7817
2315,Pątnów,420000000,Lignite,437579.307,504851.8324
2315,Pątnów,420000000,Lignite,437567.69,504862.44
2315,Pątnów,420000000,Lignite,437537.72,504873.33
2315,Pątnów,420000000,Lignite,437448.92,504887.9
2315,Pątnów,420000000,Lignite,437426.2,504899.56
2315,Pątnów,420000000,Lignite,437395.84,504922.52
2315,Pątnów,420000000,Lignite,437375.84,504942.88
2315,Pątnów,420000000,Lignite,437361.51,504963.51
2315,Pątnów,420000000,Lignite,437353.73,504984.74
2315,Pątnów,420000000,Lignite,437343.71,505035.42
2315,Pątnów,420000000,Lignite,437335.71,505056.18
2315,Pątnów,420000000,Lignite,437309.76,505081.65
2315,Pątnów,420000000,Lignite,437274.84,505120.8
2315,Pątnów,420000000,Lignite,437238.85,505164.2
2315,Pątnów,420000000,Lignite,437196.52,505204.41
2315,Pątnów,420000000,Lignite,437120.32,505239.34
2315,Pątnów,420000000,Lignite,437055.76,505275.32
2315,Pątnów,420000000,Lignite,437003.79,505302.4
2315,Pątnów,420000000,Lignite,436921.7,505297.54
2315,Pątnów,420000000,Lignite,436879.02,505271.09
2315,Pątnów,420000000,Lignite,436788.25,505208.54
2315,Pątnów,420000000,Lignite,436738.25,505184.46
2315,Pątnów,420000000,Lignite,436707.83,505179.57
2315,Pątnów,420000000,Lignite,436703.2625,505202.6128
2315,Pątnów,420000000,Lignite,436696.5285,505223.6566
2315,Pątnów,420000000,Lignite,436689.3336,505246.1404
2315,Pątnów,420000000,Lignite,436679.7886,505287.4321
2315,Pątnów,420000000,Lignite,436675.3118,505325.037
2315,Pątnów,420000000,Lignite,436669.8374,505382.6225
2315,Pątnów,420000000,Lignite,436664.234,505504.2858
2315,Pątnów,420000000,Lignite,436661.0,505566.36
2315,Pątnów,420000000,Lignite,436660.6718,505591.5631
2315,Pątnów,420000000,Lignite,436655.96,505622.16
2315,Pątnów,420000000,Lignite,436621.84,505626.69
2315,Pątnów,420000000,Lignite,436574.22,505622.46
2315,Pątnów,420000000,Lignite,436572.4014,505621.9178
2315,Pątnów,420000000,Lignite,436566.2992,505621.0821
2315,Pątnów,420000000,Lignite,436543.3276,505617.9362
2315,Pątnów,420000000,Lignite,436453.2556,505611.5202
2315,Pątnów,420000000,Lignite,436387.5785,505603.2625
2315,Pątnów,420000000,Lignite,436383.9644,505599.2338
2315,Pątnów,420000000,Lignite,436376.2352,505590.6178
2315,Pątnów,420000000,Lignite,436364.5573,505577.6001
2315,Pątnów,420000000,Lignite,436328.8409,505519.654
2315,Pątnów,420000000,Lignite,436328.3924,505464.2724
2315,Pątnów,420000000,Lignite,436328.2626,505448.2511
2315,Pątnów,420000000,Lignite,436327.4629,505363.7017
2315,Pątnów,420000000,Lignite,436316.67,505336.5619
2315,Pątnów,420000000,Lignite,436301.3241,505322.2744
2315,Pątnów,420000000,Lignite,436273.3085,505314.5515
2315,Pątnów,420000000,Lignite,436249.6206,505312.2701
2315,Pątnów,420000000,Lignite,436231.76,505310.55
2315,Pątnów,420000000,Lignite,436217.45,505303.16
2315,Pątnów,420000000,Lignite,436207.22,505290.22
2315,Pątnów,420000000,Lignite,436200.51,505270.07
2315,Pątnów,420000000,Lignite,436197.87,505242.5
2315,Pątnów,420000000,Lignite,436203.25,505108.25
2315,Pątnów,420000000,Lignite,436197.74,505083.56
2315,Pątnów,420000000,Lignite,436186.5,505068.61
2315,Pątnów,420000000,Lignite,436172.35,505061.35
2315,Pątnów,420000000,Lignite,436154.38,505057.39
2315,Pątnów,420000000,Lignite,436105.88,505059.19
2315,Pątnów,420000000,Lignite,435936.12,505096.67
2315,Pątnów,420000000,Lignite,435886.9773,505109.146
2315,Pątnów,420000000,Lignite,435861.5437,505120.2272
2315,Pątnów,420000000,Lignite,435826.2544,505135.5704
2315,Pątnów,420000000,Lignite,435803.995,505153.6801
2315,Pątnów,420000000,Lignite,435781.8706,505178.3562
2315,Pątnów,420000000,Lignite,435754.9326,505206.5186
2315,Pątnów,420000000,Lignite,435730.9175,505228.9936
2315,Pątnów,420000000,Lignite,435710.7424,505242.8946
2315,Pątnów,420000000,Lignite,435692.3604,505245.7226
2315,Pątnów,420000000,Lignite,435662.3395,505240.9824
2315,Pątnów,420000000,Lignite,435639.6567,505233.2067
2315,Pątnów,420000000,Lignite,435616.549,505224.9251
2315,Pątnów,420000000,Lignite,435589.172,505220.8185
2315,Pątnów,420000000,Lignite,435565.4815,505221.5382
2315,Pątnów,420000000,Lignite,435539.5632,505223.8944
2315,Pątnów,420000000,Lignite,435502.9113,505234.3664
2315,Pątnów,420000000,Lignite,435470.11,505243.7382
2315,Pątnów,420000000,Lignite,435440.3334,505242.3847
2315,Pątnów,420000000,Lignite,435411.9308,505235.7026
2315,Pątnów,420000000,Lignite,435383.1014,505223.0199
2315,Pątnów,420000000,Lignite,435356.643,505198.6782
2315,Pątnów,420000000,Lignite,435331.243,505172.2198
2315,Pątnów,420000000,Lignite,435310.0763,505157.4031
2315,Pątnów,420000000,Lignite,435278.3262,505153.1698
2315,Pątnów,420000000,Lignite,435241.2844,505153.1698
2315,Pątnów,420000000,Lignite,435202.126,505151.0531
2315,Pątnów,420000000,Lignite,435171.4343,505144.7031
2315,Pątnów,420000000,Lignite,435149.8046,505141.0651
2315,Pątnów,420000000,Lignite,435129.2993,505133.789
2315,Pątnów,420000000,Lignite,435108.7941,505116.9218
2315,Pątnów,420000000,Lignite,435091.5961,505095.0936
2315,Pątnów,420000000,Lignite,435078.0362,505072.2733
2315,Pątnów,420000000,Lignite,435072.7449,505054.4154
2315,Pątnów,420000000,Lignite,435042.5623,505060.9872
2315,Pątnów,420000000,Lignite,435019.8695,505074.2447
2315,Pątnów,420000000,Lignite,435001.73,505091.86
2315,Pątnów,420000000,Lignite,434879.35,505161.64
2315,Pątnów,420000000,Lignite,434805.61,505227.88
2315,Pątnów,420000000,Lignite,434787.24,505235.07
2315,Pątnów,420000000,Lignite,434742.0,505240.37
2315,Pątnów,420000000,Lignite,434732.66,505245.51
2315,Pątnów,420000000,Lignite,434725.93,505253.81
2315,Pątnów,420000000,Lignite,434720.78,505275.79
2315,Pątnów,420000000,Lignite,434724.02,505307.94
2315,Pątnów,420000000,Lignite,434770.48,505480.24
2315,Pątnów,420000000,Lignite,434793.96,505548.58
2315,Pątnów,420000000,Lignite,434821.36,505596.73
2315,Pątnów,420000000,Lignite,434846.01,505621.81
2315,Pątnów,420000000,Lignite,434869.1,505633.0
2315,Pątnów,420000000,Lignite,434904.87,505637.39
2315,Pątnów,420000000,Lignite,435000.75,505637.57
2315,Pątnów,420000000,Lignite,435019.55,505642.1
2315,Pątnów,420000000,Lignite,435028.64,505650.66
2315,Pątnów,420000000,Lignite,435027.66,505665.6
2315,Pątnów,420000000,Lignite,435001.98,505708.9
2315,Pątnów,420000000,Lignite,434996.82,505728.8
2315,Pątnów,420000000,Lignite,435003.44,505749.82
2315,Pątnów,420000000,Lignite,435032.58,505797.28
2315,Pątnów,420000000,Lignite,435035.77,505816.4
2315,Pątnów,420000000,Lignite,435029.31,505830.31
2315,Pątnów,420000000,Lignite,435018.05,505843.5
2315,Pątnów,420000000,Lignite,434982.12,505866.6
2315,Pątnów,420000000,Lignite,434999.87,505926.16
2315,Pątnów,420000000,Lignite,435021.36,505983.57
2315,Pątnów,420000000,Lignite,435062.49,506049.37
2315,Pątnów,420000000,Lignite,435071.8381,506068.981
2315,Pątnów,420000000,Lignite,435072.3,506069.95
2315,Pątnów,420000000,Lignite,435074.11,506091.33
2315,Pątnów,420000000,Lignite,435062.94,506111.42
2315,Pątnów,420000000,Lignite,435039.02,506131.97
2315,Pątnów,420000000,Lignite,434940.88,506197.89
2315,Pątnów,420000000,Lignite,434859.0,506244.42
2315,Pątnów,420000000,Lignite,434787.19,506267.88
2315,Pątnów,420000000,Lignite,434643.24,506296.24
2315,Pątnów,420000000,Lignite,434586.51,506311.05
2315,Pątnów,420000000,Lignite,434534.25,506332.32
2315,Pątnów,420000000,Lignite,434478.82,506366.35
2315,Pątnów,420000000,Lignite,434424.92,506409.36
2315,Pątnów,420000000,Lignite,434410.98,506439.23
2315,Pątnów,420000000,Lignite,434401.45,506474.95
2315,Pątnów,420000000,Lignite,434403.04,506519.4
2315,Pątnów,420000000,Lignite,434408.6,506547.97
2315,Pątnów,420000000,Lignite,434427.65,506570.2
2315,Pątnów,420000000,Lignite,434445.9,506587.66
2315,Pątnów,420000000,Lignite,434472.57,506596.69
2315,Pątnów,420000000,Lignite,434502.13,506608.18
2315,Pątnów,420000000,Lignite,434518.15,506622.74
2315,Pątnów,420000000,Lignite,434539.38,506664.98
2315,Pątnów,420000000,Lignite,434554.62,506683.88
2315,Pątnów,420000000,Lignite,434584.81,506710.7
2315,Pątnów,420000000,Lignite,434596.6899,506717.5829
2315,Pątnów,420000000,Lignite,434607.8172,506732.3183
2315,Pątnów,420000000,Lignite,434623.1502,506780.0517
2315,Pątnów,420000000,Lignite,434635.386,506795.5511
2315,Pątnów,420000000,Lignite,434659.0185,506807.6818
2315,Pątnów,420000000,Lignite,434708.2134,506817.9062
2315,Pątnów,420000000,Lignite,434740.1454,506822.2605
2315,Pątnów,420000000,Lignite,434764.5034,506819.1866
2315,Pątnów,420000000,Lignite,434782.6575,506808.6253
2315,Pątnów,420000000,Lignite,434809.0732,506785.9046
2315,Pątnów,420000000,Lignite,434824.0347,506775.1334
2315,Pątnów,420000000,Lignite,434837.1316,506770.7678
2315,Pątnów,420000000,Lignite,434857.5351,506775.2314
2315,Pątnów,420000000,Lignite,434860.24,506778.95
2315,Pątnów,420000000,Lignite,434879.29,506801.97
2315,Pątnów,420000000,Lignite,434911.04,506853.56
2315,Pątnów,420000000,Lignite,434938.82,506905.95
2315,Pątnów,420000000,Lignite,434952.09,506954.83
2315,Pątnów,420000000,Lignite,434945.25,506994.65
2315,Pątnów,420000000,Lignite,434922.0,507037.56
2315,Pątnów,420000000,Lignite,434883.28,507081.95
2315,Pątnów,420000000,Lignite,434861.0,507097.18
2315,Pątnów,420000000,Lignite,434801.46,507126.05
2315,Pątnów,420000000,Lignite,434778.42,507146.18
2315,Pątnów,420000000,Lignite,434761.1,507172.7
2315,Pątnów,420000000,Lignite,434747.46,507202.89
2315,Pątnów,420000000,Lignite,434739.4,507232.45
2315,Pątnów,420000000,Lignite,434739.2376,507234.8327
2315,Pątnów,420000000,Lignite,434732.0138,507268.2881
2315,Pątnów,420000000,Lignite,434710.8548,507316.975
2315,Pątnów,420000000,Lignite,434684.7289,507342.478
2315,Pątnów,420000000,Lignite,434647.8839,507364.0709
2315,Pątnów,420000000,Lignite,434595.931,507392.3627
2315,Pątnów,420000000,Lignite,434551.6397,507407.1265
2315,Pątnów,420000000,Lignite,434507.1253,507419.6335
2315,Pątnów,420000000,Lignite,434454.4852,507437.3652
2315,Pątnów,420000000,Lignite,434436.4065,507461.2577
2315,Pątnów,420000000,Lignite,434410.6056,507507.5631
2315,Pątnów,420000000,Lignite,434390.0938,507581.9185
2315,Pątnów,420000000,Lignite,434386.1042,507618.2964
2315,Pątnów,420000000,Lignite,434392.3919,507643.4475
2315,Pątnów,420000000,Lignite,434396.5292,507655.1132
2315,Pątnów,420000000,Lignite,434385.4167,507668.8715
2315,Pątnów,420000000,Lignite,434326.4637,507694.9453
2315,Pątnów,420000000,Lignite,434309.2245,507713.4306
2315,Pątnów,420000000,Lignite,434290.1565,507772.7182
2315,Pątnów,420000000,Lignite,434288.0498,507794.2843
2315,Pątnów,420000000,Lignite,434292.2832,507807.5135
2315,Pątnów,420000000,Lignite,434303.2084,507816.4516
2315,Pątnów,420000000,Lignite,434320.8582,507825.5052
2315,Pątnów,420000000,Lignite,434346.6092,507820.8937
2315,Pątnów,420000000,Lignite,434360.5458,507823.3885
2315,Pątnów,420000000,Lignite,434375.7044,507832.2704
2315,Pątnów,420000000,Lignite,434382.1073,507851.4792
2315,Pątnów,420000000,Lignite,434399.1889,507860.442
2315,Pątnów,420000000,Lignite,434440.4369,507859.3843
2315,Pątnów,420000000,Lignite,434476.3776,507850.469
2315,Pątnów,420000000,Lignite,434512.9461,507835.0302
2315,Pątnów,420000000,Lignite,434537.2878,507813.3343
2315,Pątnów,420000000,Lignite,434555.8709,507773.4876
2315,Pątnów,420000000,Lignite,434570.0962,507751.4217
2315,Pątnów,420000000,Lignite,434587.0296,507740.3092
2315,Pątnów,420000000,Lignite,434649.9641,507743.0887
2315,Pątnów,420000000,Lignite,434784.0318,507735.5065
2315,Pątnów,420000000,Lignite,434871.5321,507722.5014
2315,Pątnów,420000000,Lignite,434899.487,507722.6952
2315,Pątnów,420000000,Lignite,434924.894,507728.0198
2315,Pątnów,420000000,Lignite,434940.0045,507743.9972
2315,Pątnów,420000000,Lignite,434953.1879,507785.8205
2315,Pątnów,420000000,Lignite,434956.68,507816.73
2315,Pątnów,420000000,Lignite,434964.08,507858.68
2315,Pątnów,420000000,Lignite,434975.16,507876.69
2315,Pątnów,420000000,Lignite,434993.13,507891.17
2315,Pątnów,420000000,Lignite,435083.84,507929.15
2315,Pątnów,420000000,Lignite,435127.06,507952.46
2315,Pątnów,420000000,Lignite,435348.16,508097.21
2315,Pątnów,420000000,Lignite,435416.4927,508151.2028
2315,Pątnów,420000000,Lignite,435444.4927,508167.5783
2315,Pątnów,420000000,Lignite,435476.1061,508168.8124
2315,Pątnów,420000000,Lignite,435490.6781,508171.1736
2315,Pątnów,420000000,Lignite,435507.3442,508183.9394
2315,Pątnów,420000000,Lignite,435497.5246,508215.7677
2315,Pątnów,420000000,Lignite,435495.9671,508228.3895
2315,Pątnów,420000000,Lignite,435495.8275,508240.5592
2315,Pątnów,420000000,Lignite,435507.3842,508259.4927
2315,Pątnów,420000000,Lignite,435519.4005,508276.5157
2315,Pątnów,420000000,Lignite,435524.7441,508284.0858
2315,Pątnów,420000000,Lignite,435527.7378,508305.2002
2315,Pątnów,420000000,Lignite,435530.1289,508343.4568
2315,Pątnów,420000000,Lignite,435528.1196,508355.7957
2315,Pątnów,420000000,Lignite,435514.1372,508373.8553
2315,Pątnów,420000000,Lignite,435501.5895,508383.8325
2315,Pątnów,420000000,Lignite,435490.862,508385.2453
2315,Pątnów,420000000,Lignite,435476.1621,508383.7754
2315,Pątnów,420000000,Lignite,435450.5129,508368.0474
2315,Pątnów,420000000,Lignite,435430.1519,508352.0825
2315,Pątnów,420000000,Lignite,435410.1639,508344.2348
2315,Pątnów,420000000,Lignite,435400.7169,508344.2348
2315,Pątnów,420000000,Lignite,435390.7101,508349.0141
2315,Pątnów,420000000,Lignite,435386.7,508367.18
2315,Pątnów,420000000,Lignite,435387.22,508492.85
2315,Pątnów,420000000,Lignite,435382.43,508511.05
2315,Pątnów,420000000,Lignite,435373.78,508521.1
2315,Pątnów,420000000,Lignite,435358.99,508522.86
2315,Pątnów,420000000,Lignite,435326.32,508508.25
2315,Pątnów,420000000,Lignite,435312.72,508505.71
2315,Pątnów,420000000,Lignite,435302.54,508509.34
2315,Pątnów,420000000,Lignite,435280.25,508526.11
2315,Pątnów,420000000,Lignite,435268.17,508528.06
2315,Pątnów,420000000,Lignite,435253.05,508521.65
2315,Pątnów,420000000,Lignite,435205.56,508487.24
2315,Pątnów,420000000,Lignite,435190.42,508485.75
2315,Pątnów,420000000,Lignite,435167.36,508491.66
2315,Pątnów,420000000,Lignite,435156.05,508504.39
2315,Pątnów,420000000,Lignite,435146.99,508554.38
2315,Pątnów,420000000,Lignite,435136.29,508569.23
2315,Pątnów,420000000,Lignite,435111.21,508573.79
2315,Pątnów,420000000,Lignite,435042.99,508567.06
2315,Pątnów,420000000,Lignite,435031.39,508569.11
2315,Pątnów,420000000,Lignite,435024.18,508574.15
2315,Pątnów,420000000,Lignite,435020.18,508591.98
2315,Pątnów,420000000,Lignite,435029.82,508646.17
2315,Pątnów,420000000,Lignite,435028.91,508670.74
2315,Pątnów,420000000,Lignite,435024.237,508692.8527
2315,Pątnów,420000000,Lignite,435017.0956,508744.1083
2315,Pątnów,420000000,Lignite,435006.4155,508781.957
2315,Pątnów,420000000,Lignite,434996.1938,508795.7369
2315,Pątnów,420000000,Lignite,434987.82,508800.0518
2315,Pątnów,420000000,Lignite,434977.5843,508798.0471
2315,Pątnów,420000000,Lignite,434966.2072,508787.9929
2315,Pątnów,420000000,Lignite,434958.6985,508775.7838
2315,Pątnów,420000000,Lignite,434947.6909,508760.2093
2315,Pątnów,420000000,Lignite,434937.1425,508727.7569
2315,Pątnów,420000000,Lignite,434925.2998,508685.5646
2315,Pątnów,420000000,Lignite,434915.65,508666.94
2315,Pątnów,420000000,Lignite,434894.15,508645.62
2315,Pątnów,420000000,Lignite,434850.64,508586.14
2315,Pątnów,420000000,Lignite,434827.22,508566.26
2315,Pątnów,420000000,Lignite,434789.53,508556.07
2315,Pątnów,420000000,Lignite,434755.84,508556.68
2315,Pątnów,420000000,Lignite,434749.49,508564.6
2315,Pątnów,420000000,Lignite,434751.13,508580.12
2315,Pątnów,420000000,Lignite,434788.79,508665.18
2315,Pątnów,420000000,Lignite,434796.48,508698.76
2315,Pątnów,420000000,Lignite,434794.26,508710.16
2315,Pątnów,420000000,Lignite,434788.03,508718.31
2315,Pątnów,420000000,Lignite,434747.63,508735.78
2315,Pątnów,420000000,Lignite,434738.69,508744.37
2315,Pątnów,420000000,Lignite,434740.54,508753.83
2315,Pątnów,420000000,Lignite,434761.09,508780.63
2315,Pątnów,420000000,Lignite,434765.89,508793.73
2315,Pątnów,420000000,Lignite,434763.4,508826.83
2315,Pątnów,420000000,Lignite,434763.4019,508843.2442
2315,Pątnów,420000000,Lignite,434771.0802,508870.8859
2315,Pątnów,420000000,Lignite,434769.6551,508900.6469
2315,Pątnów,420000000,Lignite,434763.6945,508944.5811
2315,Pątnów,420000000,Lignite,434755.121,508968.8727
2315,Pątnów,420000000,Lignite,434750.8622,508976.0479
2315,Pątnów,420000000,Lignite,434745.3828,508982.4935
2315,Pątnów,420000000,Lignite,434736.9161,508983.9752
2315,Pątnów,420000000,Lignite,434709.0018,508966.5331
2315,Pątnów,420000000,Lignite,434687.4968,508941.1298
2315,Pątnów,420000000,Lignite,434682.941,508927.0368
2315,Pątnów,420000000,Lignite,434672.5693,508876.4483
2315,Pątnów,420000000,Lignite,434670.3751,508833.8758
2315,Pątnów,420000000,Lignite,434669.4118,508806.9022
2315,Pątnów,420000000,Lignite,434667.3495,508788.5048
2315,Pątnów,420000000,Lignite,434664.4966,508783.513
2315,Pątnów,420000000,Lignite,434657.9643,508781.7668
2315,Pątnów,420000000,Lignite,434643.6126,508784.4149
2315,Pątnów,420000000,Lignite,434623.8089,508808.6066
2315,Pątnów,420000000,Lignite,434609.8804,508826.746
2315,Pątnów,420000000,Lignite,434604.4546,508844.01
2315,Pątnów,420000000,Lignite,434598.6833,508858.0192
2315,Pątnów,420000000,Lignite,434589.6346,508873.3343
2315,Pątnów,420000000,Lignite,434566.4796,508899.0687
2315,Pątnów,420000000,Lignite,434553.2636,508911.1519
2315,Pątnów,420000000,Lignite,434544.7161,508916.4433
2315,Pątnów,420000000,Lignite,434536.3653,508918.0141
2315,Pątnów,420000000,Lignite,434509.9323,508914.238
2315,Pątnów,420000000,Lignite,434484.0179,508907.5887
2315,Pątnów,420000000,Lignite,434463.9592,508909.5164
2315,Pątnów,420000000,Lignite,434434.2805,508921.4773
2315,Pątnów,420000000,Lignite,434403.079,508939.667
2315,Pątnów,420000000,Lignite,434371.7549,508959.6994
2315,Pątnów,420000000,Lignite,434350.1343,508967.0596
2315,Pątnów,420000000,Lignite,434324.1347,508971.7857
2315,Pątnów,420000000,Lignite,434295.6164,508971.0527
2315,Pątnów,420000000,Lignite,434269.7668,508968.7352
2315,Pątnów,420000000,Lignite,434263.2204,508966.582
2315,Pątnów,420000000,Lignite,434251.5895,508962.7564
2315,Pątnów,420000000,Lignite,434227.1208,508950.522
2315,Pątnów,420000000,Lignite,434215.2836,508942.6677
2315,Pątnów,420000000,Lignite,434202.9845,508933.5311
2315,Pątnów,420000000,Lignite,434196.3183,508931.3909
2315,Pątnów,420000000,Lignite,434178.936,508932.7941
2315,Pątnów,420000000,Lignite,434164.3083,508936.9407
2315,Pątnów,420000000,Lignite,434144.6535,508958.3298
2315,Pątnów,420000000,Lignite,434132.8977,508978.9393
2315,Pątnów,420000000,Lignite,434128.8121,508984.2102
2315,Pątnów,420000000,Lignite,434109.0293,508997.3987
2315,Pątnów,420000000,Lignite,434098.9001,509004.1515
2315,Pątnów,420000000,Lignite,434092.2273,509005.7215
2315,Pątnów,420000000,Lignite,434083.2276,509010.9646
2315,Pątnów,420000000,Lignite,434063.6031,509026.5203
2315,Pątnów,420000000,Lignite,434060.3068,509043.0523
2315,Pątnów,420000000,Lignite,434048.388,509078.6177
2315,Pątnów,420000000,Lignite,434036.1415,509107.7067
2315,Pątnów,420000000,Lignite,434023.7389,509118.793
2315,Pątnów,420000000,Lignite,434012.6812,509128.6771
2315,Pątnów,420000000,Lignite,433980.0787,509150.4749
2315,Pątnów,420000000,Lignite,433962.2381,509159.0801
2315,Pątnów,420000000,Lignite,433954.7019,509162.2404
2315,Pątnów,420000000,Lignite,433929.7401,509165.8064
2315,Pątnów,420000000,Lignite,433906.2741,509171.0266
2315,Pątnów,420000000,Lignite,433888.9954,509179.0979
2315,Pątnów,420000000,Lignite,433882.07,509204.59
2315,Pątnów,420000000,Lignite,433828.5345,509397.7055
2315,Pątnów,420000000,Lignite,433819.36,509430.8
2315,Pątnów,420000000,Lignite,433798.4533,509454.1704
2315,Pątnów,420000000,Lignite,440911.7331,514270.1535
2315,Pątnów,420000000,Lignite,445358.0365,511980.2705
2315,Pątnów,420000000,Lignite,445348.88,511959.38
2315,Pątnów,420000000,Lignite,445324.3,511887.25
2315,Pątnów,420000000,Lignite,445312.13,511850.73
2315,Pątnów,420000000,Lignite,445304.19,511822.16
2315,Pątnów,420000000,Lignite,445298.9,511797.29
2315,Pątnów,420000000,Lignite,445290.43,511775.59
2315,Pątnów,420000000,Lignite,445280.62,511750.63
2315,Pątnów,420000000,Lignite,445274.09,511705.45
2315,Pątnów,420000000,Lignite,445278.91,511671.43
2315,Pątnów,420000000,Lignite,445290.1,511645.8
2315,Pątnów,420000000,Lignite,445309.19,511614.9
2315,Pątnów,420000000,Lignite,445329.03,511595.85
484,Mogilno,11190528,Rock salt,417584.31,535278.7062
484,Mogilno,11190528,Rock salt,418401.61,534953.84
484,Mogilno,11190528,Rock salt,419294.27,534332.18
484,Mogilno,11190528,Rock salt,420933.62,533233.8791
484,Mogilno,11190528,Rock salt,420286.3444,532169.3111
484,Mogilno,11190528,Rock salt,420286.1501,532170.12
484,Mogilno,11190528,Rock salt,420244.8701,532199.76
484,Mogilno,11190528,Rock salt,420203.6001,532233.62
484,Mogilno,11190528,Rock salt,420153.8601,532277.01
484,Mogilno,11190528,Rock salt,420119.7801,532316.17
484,Mogilno,11190528,Rock salt,420104.9601,532345.81
484,Mogilno,11190528,Rock salt,420079.5601,532404.01
484,Mogilno,11190528,Rock salt,420059.4501,532424.12
484,Mogilno,11190528,Rock salt,420031.9401,532427.3
484,Mogilno,11190528,Rock salt,420010.3701,532421.01
484,Mogilno,11190528,Rock salt,419977.9601,532419.89
484,Mogilno,11190528,Rock salt,419966.3201,532429.41
484,Mogilno,11190528,Rock salt,419950.6201,532445.7
484,Mogilno,11190528,Rock salt,419929.4601,532477.45
484,Mogilno,11190528,Rock salt,419913.5801,532492.0
484,Mogilno,11190528,Rock salt,419880.5101,532523.75
484,Mogilno,11190528,Rock salt,419846.1101,532544.91
484,Mogilno,11190528,Rock salt,419810.3901,532559.47
484,Mogilno,11190528,Rock salt,419729.7001,532563.44
484,Mogilno,11190528,Rock salt,419694.3452,532565.7915
484,Mogilno,11190528,Rock salt,419677.8955,532566.8855
484,Mogilno,11190528,Rock salt,419670.1601,532567.4
484,Mogilno,11190528,Rock salt,419602.9301,532573.12
484,Mogilno,11190528,Rock salt,419563.0101,532583.28
484,Mogilno,11190528,Rock salt,419504.8001,532588.57
484,Mogilno,11190528,Rock salt,419471.7301,532624.29
484,Mogilno,11190528,Rock salt,419439.5801,532694.85
484,Mogilno,11190528,Rock salt,419394.6001,532753.05
484,Mogilno,11190528,Rock salt,419372.1101,532799.62
484,Mogilno,11190528,Rock salt,419334.0101,532859.95
484,Mogilno,11190528,Rock salt,419281.6201,532923.45
484,Mogilno,11190528,Rock salt,419118.1101,533020.28
484,Mogilno,11190528,Rock salt,419064.1301,533079.02
484,Mogilno,11190528,Rock salt,419027.6201,533245.71
484,Mogilno,11190528,Rock salt,418975.2301,533312.38
484,Mogilno,11190528,Rock salt,418941.9001,533363.18
484,Mogilno,11190528,Rock salt,418887.7501,533444.81
484,Mogilno,11190528,Rock salt,418859.8801,533491.89
484,Mogilno,11190528,Rock salt,418842.1401,533510.74
484,Mogilno,11190528,Rock salt,418817.1301,533524.5
484,Mogilno,11190528,Rock salt,418744.3701,533529.79
484,Mogilno,11190528,Rock salt,418594.8801,533532.44
484,Mogilno,11190528,Rock salt,418527.4101,533572.13
484,Mogilno,11190528,Rock salt,418426.8701,533667.38
484,Mogilno,11190528,Rock salt,418352.7801,533770.56
484,Mogilno,11190528,Rock salt,418340.1101,533848.52
484,Mogilno,11190528,Rock salt,418339.5501,533942.37
484,Mogilno,11190528,Rock salt,418333.6738,533983.9973
484,Mogilno,11190528,Rock salt,418309.8613,534015.2182
484,Mogilno,11190528,Rock salt,418292.3987,534037.9724
484,Mogilno,11190528,Rock salt,418282.3446,534061.2558
484,Mogilno,11190528,Rock salt,418286.9066,534102.5309
484,Mogilno,11190528,Rock salt,418293.2884,534125.3915
484,Mogilno,11190528,Rock salt,418297.6904,534141.1601
484,Mogilno,11190528,Rock salt,418294.0384,534171.7212
484,Mogilno,11190528,Rock salt,418283.4029,534193.0186
484,Mogilno,11190528,Rock salt,418256.9445,534220.5353
484,Mogilno,11190528,Rock salt,418233.1901,534236.06
484,Mogilno,11190528,Rock salt,418214.1401,534259.87
484,Mogilno,11190528,Rock salt,418210.9701,534278.92
484,Mogilno,11190528,Rock salt,418198.2701,534293.21
484,Mogilno,11190528,Rock salt,418166.5201,534296.38
484,Mogilno,11190528,Rock salt,418108.9601,534293.19
484,Mogilno,11190528,Rock salt,418089.1101,534320.83
484,Mogilno,11190528,Rock salt,418076.0301,534355.12
484,Mogilno,11190528,Rock salt,418088.7301,534391.63
484,Mogilno,11190528,Rock salt,418123.6501,534410.68
484,Mogilno,11190528,Rock salt,418145.6101,534425.76
484,Mogilno,11190528,Rock salt,418148.7901,534456.72
484,Mogilno,11190528,Rock salt,418129.7401,534479.74
484,Mogilno,11190528,Rock salt,418128.9501,534499.58
484,Mogilno,11190528,Rock salt,418149.5801,534513.07
484,Mogilno,11190528,Rock salt,418177.3601,534521.81
484,Mogilno,11190528,Rock salt,418180.5401,534549.59
484,Mogilno,11190528,Rock salt,418180.5401,534609.91
484,Mogilno,11190528,Rock salt,418178.4201,534684.0
484,Mogilno,11190528,Rock salt,418165.7201,534751.73
484,Mogilno,11190528,Rock salt,418160.4301,534789.83
484,Mogilno,11190528,Rock salt,418165.7201,534841.69
484,Mogilno,11190528,Rock salt,418172.0701,534866.03
484,Mogilno,11190528,Rock salt,418167.8401,534921.06
484,Mogilno,11190528,Rock salt,418150.9101,534973.98
484,Mogilno,11190528,Rock salt,418119.1601,534997.26
484,Mogilno,11190528,Rock salt,418109.0001,535032.82
484,Mogilno,11190528,Rock salt,418098.4101,535063.52
484,Mogilno,11190528,Rock salt,418070.9001,535082.57
484,Mogilno,11190528,Rock salt,418039.5201,535086.94
484,Mogilno,11190528,Rock salt,417982.3701,535083.77
484,Mogilno,11190528,Rock salt,417900.6101,535042.09
484,Mogilno,11190528,Rock salt,417868.8601,535035.74
484,Mogilno,11190528,Rock salt,417822.8201,535013.52
484,Mogilno,11190528,Rock salt,417762.5001,535005.58
484,Mogilno,11190528,Rock salt,417699.0001,535010.34
484,Mogilno,11190528,Rock salt,417649.7801,535030.98
484,Mogilno,11190528,Rock salt,417630.7301,535077.02
484,Mogilno,11190528,Rock salt,417608.5101,535178.62
484,Mogilno,11190528,Rock salt,417601.6427,535205.0281
484,Mogilno,11190528,Rock salt,417587.8701,535257.99
484,Mogilno,11190528,Rock salt,417584.31,535278.7062
