piezometer_id,cluster_id,window_months,event_id,start,end,duration_months,minimum_date,minimum_sgi,severity_signed,severity_deficit,mean_intensity,recovery_date,recovery_months,recovered
II/1065/1,3,3,1,2007-04-01,2007-06-01,3,2007-04-01,-1.1281436452787637,-3.2474781350249753,3.2474781350249753,-1.0824927116749918,2008-02-01,10,True
II/1065/1,3,3,2,2017-03-01,2017-07-01,5,2017-06-01,-1.3644887481703285,-6.1580772353269015,6.1580772353269015,-1.2316154470653804,2018-05-01,11,True
II/1065/1,3,3,3,2018-09-01,2019-05-01,9,2019-02-01,-1.6283614067169068,-12.228182222830375,12.228182222830375,-1.3586869136478195,2021-12-01,34,True
II/1065/1,3,3,4,2019-08-01,2021-02-01,19,2020-08-01,-2.128045234184984,-31.34061578710711,31.34061578710711,-1.649506094058269,2021-12-01,16,True
II/1065/1,3,3,5,2021-06-01,2021-08-01,3,2021-07-01,-1.3644887481703285,-3.727851091154485,3.727851091154485,-1.2426170303848283,2021-12-01,5,True
II/1065/1,3,3,6,2022-07-01,2023-03-01,9,2022-08-01,-1.382994127100638,-10.890476352955176,10.890476352955176,-1.2100529281061307,,,False
II/1065/1,3,3,7,2023-06-01,2024-02-01,9,2023-09-01,-2.128045234184984,-16.89262689682311,16.89262689682311,-1.8769585440914567,,,False
II/1065/1,3,6,1,2017-04-01,2017-06-01,3,2017-05-01,-1.3037826721034866,-3.5367620613443607,3.5367620613443607,-1.1789206871147868,2022-02-01,57,True
II/1065/1,3,6,2,2018-11-01,2021-03-01,29,2020-09-01,-2.11438077152756,-45.54268918105811,45.54268918105811,-1.570437557967521,2022-02-01,17,True
II/1065/1,3,6,3,2021-07-01,2021-07-01,1,2021-07-01,-1.1048357439621106,-1.1048357439621106,1.1048357439621106,-1.1048357439621106,2022-02-01,7,True
II/1065/1,3,6,4,2021-09-01,2021-10-01,2,2021-09-01,-1.0144987457841006,-2.028997491568201,2.028997491568201,-1.0144987457841006,2022-02-01,5,True
II/1065/1,3,6,5,2022-08-01,2023-02-01,7,2022-11-01,-1.1918161716813946,-8.017605347017287,8.017605347017287,-1.1453721924310412,,,False
II/1065/1,3,6,6,2023-04-01,2024-03-01,12,2023-11-01,-2.128045234184984,-20.23521002260424,20.23521002260424,-1.6862675018836866,,,False
II/1065/1,3,12,1,2018-11-01,2018-11-01,1,2018-11-01,-1.1048357439621106,-1.1048357439621106,1.1048357439621106,-1.1048357439621106,,,False
II/1065/1,3,12,2,2019-04-01,2021-10-01,31,2021-03-01,-2.085355566031829,-49.46457373126692,49.46457373126692,-1.5956314106860296,,,False
II/1065/1,3,12,3,2022-12-01,2024-03-01,16,2024-03-01,-1.5932188180230507,-22.144883576952193,22.144883576952193,-1.384055223559512,,,False
II/1271/1,1,3,1,2014-01-01,2014-05-01,5,2014-02-01,-1.9599639845400545,-9.688264342154099,9.688264342154099,-1.9376528684308199,2014-06-01,4,True
II/1271/1,1,3,2,2015-07-01,2016-09-01,15,2016-06-01,-1.9145058250555573,-20.57899929178561,20.57899929178561,-1.3719332861190408,2016-11-01,5,True
II/1271/1,1,3,3,2019-05-01,2019-08-01,4,2019-08-01,-1.88950996033343,-5.709531235441489,5.709531235441489,-1.4273828088603722,,,False
II/1271/1,1,3,4,2020-02-01,2020-02-01,1,2020-02-01,-1.4395314709384563,-1.4395314709384563,1.4395314709384563,-1.4395314709384563,,,False
II/1271/1,1,3,5,2022-09-01,2022-12-01,4,2022-10-01,-1.382994127100638,-4.97261312915642,4.97261312915642,-1.243153282289105,,,False
II/1271/1,1,3,6,2023-04-01,2023-04-01,1,2023-04-01,-1.11895838106256,-1.11895838106256,1.11895838106256,-1.11895838106256,,,False
II/1271/1,1,3,7,2023-06-01,2023-06-01,1,2023-06-01,-1.0853249080767589,-1.0853249080767589,1.0853249080767589,-1.0853249080767589,,,False
II/1271/1,1,3,8,2023-10-01,2024-01-01,4,2023-11-01,-1.9379315108528288,-7.202556425667379,7.202556425667379,-1.8006391064168448,,,False
II/1271/1,1,3,9,2024-03-01,2024-03-01,1,2024-03-01,-1.11895838106256,-1.11895838106256,1.11895838106256,-1.11895838106256,,,False
II/1271/1,1,6,1,2014-01-01,2014-08-01,8,2014-02-01,-1.9379315108528288,-15.336331928392019,15.336331928392019,-1.9170414910490023,2014-09-01,7,True
II/1271/1,1,6,2,2015-09-01,2016-11-01,15,2015-12-01,-1.88950996033343,-21.32853950962568,21.32853950962568,-1.4219026339750453,2017-01-01,13,True
II/1271/1,1,6,3,2018-12-01,2018-12-01,1,2018-12-01,-1.0491313979639707,-1.0491313979639707,1.0491313979639707,-1.0491313979639707,,,False
II/1271/1,1,6,4,2019-07-01,2019-08-01,2,2019-07-01,-1.0491313979639707,-2.0982627959279414,2.0982627959279414,-1.0491313979639707,,,False
II/1271/1,1,6,5,2022-09-01,2022-12-01,4,2022-12-01,-1.351702239930661,-4.689693475733362,4.689693475733362,-1.1724233689333405,,,False
II/1271/1,1,6,6,2023-05-01,2023-06-01,2,2023-05-01,-1.0853249080767589,-2.1706498161535177,2.1706498161535177,-1.0853249080767589,,,False
II/1271/1,1,6,7,2024-01-01,2024-04-01,4,2024-02-01,-1.4121875789061642,-5.326327665975526,5.326327665975526,-1.3315819164938816,,,False
II/1271/1,1,12,1,2014-01-01,2015-02-01,14,2014-06-01,-1.88950996033343,-25.042360389490447,25.042360389490447,-1.7887400278207461,2015-03-01,9,True
II/1271/1,1,12,2,2015-09-01,2016-12-01,16,2016-06-01,-1.351702239930661,-19.307432673787112,19.307432673787112,-1.2067145421116945,2017-06-01,12,True
II/1271/1,1,12,3,2019-07-01,2019-08-01,2,2019-08-01,-1.0491313979639707,-2.0591215672135528,2.0591215672135528,-1.0295607836067764,,,False
II/1271/1,1,12,4,2023-03-01,2023-06-01,4,2023-06-01,-1.0491313979639707,-4.079101905712717,4.079101905712717,-1.0197754764281792,,,False
II/1272/1,1,3,1,2004-10-01,2005-03-01,6,2004-11-01,-1.8627318674216515,-8.178456968512506,8.178456968512506,-1.363076161418751,2005-06-01,7,True
II/1272/1,1,3,2,2006-04-01,2007-02-01,11,2006-05-01,-1.1503493803760079,-11.46889274142703,11.46889274142703,-1.0426266128570028,2007-03-01,10,True
II/1272/1,1,3,3,2015-12-01,2016-09-01,10,2015-12-01,-1.8627318674216515,-18.116289046725523,18.116289046725523,-1.8116289046725522,2016-11-01,11,True
II/1272/1,1,3,4,2019-11-01,2019-11-01,1,2019-11-01,-1.1503493803760079,-1.1503493803760079,1.1503493803760079,-1.1503493803760079,2019-12-01,1,True
II/1272/1,1,3,5,2020-03-01,2020-10-01,8,2020-09-01,-1.88950996033343,-11.519423787560552,11.519423787560552,-1.439927973445069,,,False
II/1272/1,1,6,1,2004-12-01,2005-05-01,6,2004-12-01,-1.8627318674216515,-9.234207566121611,9.234207566121611,-1.539034594353602,2005-08-01,8,True
II/1272/1,1,6,2,2006-04-01,2007-03-01,12,2006-05-01,-1.318010897303537,-13.315505611451869,13.315505611451869,-1.1096254676209891,2007-05-01,12,True
II/1272/1,1,6,3,2016-01-01,2016-12-01,12,2016-03-01,-1.8627318674216515,-19.529039840873715,19.529039840873715,-1.6274199867394763,2017-01-01,10,True
II/1272/1,1,6,4,2020-06-01,2020-10-01,5,2020-10-01,-1.8627318674216515,-7.134775456635799,7.134775456635799,-1.4269550913271598,,,False
II/1272/1,1,12,1,2005-06-01,2005-07-01,2,2005-06-01,-1.009990169249582,-2.019980338499164,2.019980338499164,-1.009990169249582,2006-02-01,8,True
II/1272/1,1,12,2,2006-08-01,2007-03-01,8,2007-02-01,-1.8339146358159146,-10.542454476014377,10.542454476014377,-1.3178068095017972,2007-07-01,5,True
II/1272/1,1,12,3,2016-04-01,2017-02-01,11,2016-06-01,-1.8627318674216515,-19.212421011461117,19.212421011461117,-1.746583728314647,2017-05-01,11,True
II/1272/1,1,12,4,2020-03-01,2020-10-01,8,2020-04-01,-1.8339146358159146,-10.9870722534228,10.9870722534228,-1.37338403167785,,,False
II/1272/2,2,3,1,2015-12-01,2016-07-01,8,2016-03-01,-1.9145058250555573,-13.014991964252772,13.014991964252772,-1.6268739955315965,2016-10-01,7,True
II/1272/2,2,3,2,2019-11-01,2019-11-01,1,2019-11-01,-1.0491313979639707,-1.0491313979639707,1.0491313979639707,-1.0491313979639707,2020-12-01,13,True
II/1272/2,2,3,3,2020-03-01,2020-10-01,8,2020-03-01,-1.382994127100638,-9.665918325918481,9.665918325918481,-1.2082397907398101,2020-12-01,9,True
II/1272/2,2,3,4,2021-12-01,2022-02-01,3,2022-01-01,-1.9145058250555573,-5.718521610444545,5.718521610444545,-1.9061738701481816,2024-02-01,25,True
II/1272/2,2,3,5,2022-05-01,2023-04-01,12,2022-08-01,-1.88950996033343,-16.9986759684539,16.9986759684539,-1.4165563307044915,2024-02-01,18,True
II/1272/2,2,3,6,2023-08-01,2023-11-01,4,2023-08-01,-1.351702239930661,-5.406808959722644,5.406808959722644,-1.351702239930661,2024-02-01,6,True
II/1272/2,2,6,1,2016-02-01,2016-09-01,8,2016-06-01,-1.88950996033343,-12.155762125856882,12.155762125856882,-1.5194702657321102,2016-12-01,6,True
II/1272/2,2,6,2,2020-05-01,2020-11-01,7,2020-06-01,-1.351702239930661,-8.251632311647866,8.251632311647866,-1.178804615949695,2021-08-01,14,True
II/1272/2,2,6,3,2021-12-01,2023-04-01,17,2022-04-01,-1.9145058250555573,-26.367542727447624,26.367542727447624,-1.551031925143978,2024-02-01,22,True
II/1272/2,2,6,4,2023-10-01,2024-01-01,4,2023-10-01,-1.351702239930661,-4.8016672757892636,4.8016672757892636,-1.2004168189473159,2024-02-01,4,True
II/1272/2,2,12,1,2016-05-01,2016-11-01,7,2016-10-01,-1.351702239930661,-8.677417510271098,8.677417510271098,-1.2396310728958713,2017-02-01,4,True
II/1272/2,2,12,2,2020-04-01,2020-04-01,1,2020-04-01,-1.0491313979639707,-1.0491313979639707,1.0491313979639707,-1.0491313979639707,2024-04-01,48,True
II/1272/2,2,12,3,2021-01-01,2021-03-01,3,2021-01-01,-1.0491313979639707,-3.147394193891912,3.147394193891912,-1.0491313979639707,2024-04-01,39,True
II/1272/2,2,12,4,2021-12-01,2023-12-01,25,2021-12-01,-1.88950996033343,-38.112126755343304,38.112126755343304,-1.5244850702137323,2024-04-01,28,True
II/1273/1,1,3,1,2004-11-01,2004-12-01,2,2004-12-01,-1.0853249080767589,-2.13445630604073,2.13445630604073,-1.067228153020365,2005-04-01,4,True
II/1273/1,1,3,2,2009-02-01,2009-06-01,5,2009-02-01,-1.4395314709384563,-7.142969570627697,7.142969570627697,-1.4285939141255395,2009-07-01,5,True
II/1273/1,1,3,3,2015-05-01,2015-05-01,1,2015-05-01,-1.11895838106256,-1.11895838106256,1.11895838106256,-1.11895838106256,2016-11-01,18,True
II/1273/1,1,3,4,2015-10-01,2015-11-01,2,2015-11-01,-1.351702239930661,-2.4008336378946318,2.4008336378946318,-1.2004168189473159,2016-11-01,12,True
II/1273/1,1,3,5,2016-03-01,2016-04-01,2,2016-03-01,-1.1503493803760079,-2.3006987607520157,2.3006987607520157,-1.1503493803760079,2016-11-01,8,True
II/1273/1,1,3,6,2019-07-01,2020-10-01,16,2020-01-01,-1.9599639845400545,-27.405872689318453,27.405872689318453,-1.7128670430824033,2021-01-01,12,True
II/1273/1,1,3,7,2022-12-01,2023-02-01,3,2022-12-01,-1.382994127100638,-3.683692887852654,3.683692887852654,-1.2278976292842179,2023-05-01,5,True
II/1273/1,1,3,8,2023-06-01,2023-09-01,4,2023-09-01,-1.9379315108528288,-5.881265049727718,5.881265049727718,-1.4703162624319295,,,False
II/1273/1,1,3,9,2024-01-01,2024-01-01,1,2024-01-01,-1.4395314709384563,-1.4395314709384563,1.4395314709384563,-1.4395314709384563,2024-04-01,3,True
II/1273/1,1,6,1,2005-02-01,2005-02-01,1,2005-02-01,-1.0491313979639707,-1.0491313979639707,1.0491313979639707,-1.0491313979639707,2005-04-01,2,True
II/1273/1,1,6,2,2009-04-01,2009-07-01,4,2009-04-01,-1.4395314709384563,-5.3828650098133455,5.3828650098133455,-1.3457162524533364,2009-08-01,4,True
II/1273/1,1,6,3,2015-10-01,2016-03-01,6,2016-01-01,-1.351702239930661,-6.857841124401215,6.857841124401215,-1.1429735207335359,2016-12-01,11,True
II/1273/1,1,6,4,2016-05-01,2016-06-01,2,2016-05-01,-1.11895838106256,-2.23791676212512,2.23791676212512,-1.11895838106256,2016-12-01,7,True
II/1273/1,1,6,5,2019-08-01,2021-01-01,18,2020-04-01,-1.9599639845400545,-30.1758340155471,30.1758340155471,-1.67643522308595,2021-03-01,11,True
II/1273/1,1,6,6,2023-03-01,2023-04-01,2,2023-03-01,-1.382994127100638,-2.533343507476646,2.533343507476646,-1.266671753738323,,,False
II/1273/1,1,6,7,2023-07-01,2023-09-01,3,2023-07-01,-1.4121875789061642,-4.207369284912966,4.207369284912966,-1.402456428304322,,,False
II/1273/1,1,12,1,2009-06-01,2009-07-01,2,2009-06-01,-1.0491313979639707,-2.0982627959279414,2.0982627959279414,-1.0491313979639707,2009-09-01,3,True
II/1273/1,1,12,2,2015-11-01,2016-10-01,12,2016-06-01,-1.351702239930661,-13.492180199806565,13.492180199806565,-1.1243483499838804,2017-05-01,11,True
II/1273/1,1,12,3,2019-08-01,2019-08-01,1,2019-08-01,-1.0491313979639707,-1.0491313979639707,1.0491313979639707,-1.0491313979639707,2021-08-01,24,True
II/1273/1,1,12,4,2019-10-01,2021-05-01,20,2020-06-01,-1.88950996033343,-32.69596123108128,32.69596123108128,-1.6347980615540638,2021-08-01,14,True
II/1273/1,1,12,5,2023-09-01,2023-09-01,1,2023-09-01,-1.351702239930661,-1.351702239930661,1.351702239930661,-1.351702239930661,,,False
II/1274/1,1,3,1,2014-01-01,2014-11-01,11,2014-01-01,-1.9379315108528288,-20.62438252900384,20.62438252900384,-1.8749438662730762,2014-12-01,11,True
II/1274/1,1,3,2,2016-02-01,2016-07-01,6,2016-02-01,-1.4121875789061642,-7.693527830884356,7.693527830884356,-1.282254638480726,2017-09-01,19,True
II/1274/1,1,3,3,2016-09-01,2016-12-01,4,2016-11-01,-1.9379315108528288,-6.174494247571322,6.174494247571322,-1.5436235618928305,2017-09-01,10,True
II/1274/1,1,3,4,2017-06-01,2017-08-01,3,2017-07-01,-1.382994127100638,-4.117690494131937,4.117690494131937,-1.372563498043979,2017-09-01,2,True
II/1274/1,1,3,5,2022-12-01,2023-01-01,2,2022-12-01,-1.11895838106256,-2.23791676212512,2.23791676212512,-1.11895838106256,,,False
II/1274/1,1,3,6,2023-03-01,2023-05-01,3,2023-03-01,-1.11895838106256,-3.2534146871032896,3.2534146871032896,-1.0844715623677632,,,False
II/1274/1,1,3,7,2023-08-01,2024-02-01,7,2023-12-01,-1.9379315108528288,-8.911277522085992,8.911277522085992,-1.2730396460122846,,,False
II/1274/1,1,6,1,2014-01-01,2015-01-01,13,2014-02-01,-1.9379315108528288,-24.061751701307692,24.061751701307692,-1.8509039770236686,2015-03-01,13,True
II/1274/1,1,6,2,2016-02-01,2017-02-01,13,2016-03-01,-1.4121875789061642,-17.372631435675743,17.372631435675743,-1.3363562642827493,2017-12-01,21,True
II/1274/1,1,6,3,2017-06-01,2017-11-01,6,2017-08-01,-1.351702239930661,-6.6697462499760904,6.6697462499760904,-1.111624374996015,2017-12-01,4,True
II/1274/1,1,6,4,2023-04-01,2023-05-01,2,2023-04-01,-1.0853249080767589,-2.13445630604073,2.13445630604073,-1.067228153020365,,,False
II/1274/1,1,6,5,2023-12-01,2023-12-01,1,2023-12-01,-1.11895838106256,-1.11895838106256,1.11895838106256,-1.11895838106256,,,False
II/1274/1,1,6,6,2024-03-01,2024-03-01,1,2024-03-01,-1.11895838106256,-1.11895838106256,1.11895838106256,-1.11895838106256,,,False
II/1274/1,1,12,1,2014-02-01,2015-07-01,18,2014-06-01,-1.88950996033343,-30.421292686079532,30.421292686079532,-1.6900718158933072,2015-09-01,15,True
II/1274/1,1,12,2,2016-08-01,2018-01-01,18,2016-09-01,-1.351702239930661,-20.96321982840392,20.96321982840392,-1.1646233238002177,2018-06-01,21,True
II/1274/2,1,3,1,2015-11-01,2017-03-01,17,2016-03-01,-1.731664396122245,-26.53171965534698,26.53171965534698,-1.5606893914909987,2017-09-01,18,True
II/1274/2,1,3,2,2020-04-01,2020-10-01,7,2020-04-01,-1.1503493803760079,-8.052445662632056,8.052445662632056,-1.150349380376008,2021-02-01,10,True
II/1274/2,1,6,1,2016-01-01,2017-05-01,17,2016-04-01,-1.731664396122245,-26.408591355734938,26.408591355734938,-1.5534465503373494,2017-10-01,18,True
II/1274/2,1,6,2,2020-06-01,2020-12-01,7,2020-09-01,-1.1503493803760079,-7.891808207784573,7.891808207784573,-1.1274011725406532,2021-04-01,7,True
II/1274/2,1,12,1,2016-04-01,2017-08-01,17,2017-03-01,-1.731664396122245,-26.00169730166337,26.00169730166337,-1.5295116059801983,2017-11-01,8,True
II/1274/2,1,12,2,2020-09-01,2021-03-01,7,2021-03-01,-1.1503493803760079,-7.731170752937089,7.731170752937089,-1.1044529647052985,,,False
II/1275/1,2,3,1,2014-01-01,2014-05-01,5,2014-01-01,-1.9379315108528288,-9.14048793652021,9.14048793652021,-1.828097587304042,2014-06-01,5,True
II/1275/1,2,3,2,2014-12-01,2014-12-01,1,2014-12-01,-1.11895838106256,-1.11895838106256,1.11895838106256,-1.11895838106256,2015-01-01,1,True
II/1275/1,2,3,3,2015-07-01,2015-08-01,2,2015-07-01,-1.0853249080767589,-2.1706498161535177,2.1706498161535177,-1.0853249080767589,2016-08-01,13,True
II/1275/1,2,3,4,2015-11-01,2016-06-01,8,2015-11-01,-1.9379315108528288,-11.649196498112094,11.649196498112094,-1.4561495622640117,2016-08-01,9,True
II/1275/1,2,3,5,2018-01-01,2018-04-01,4,2018-02-01,-1.9379315108528288,-6.174494247571322,6.174494247571322,-1.5436235618928305,2018-05-01,3,True
II/1275/1,2,3,6,2019-06-01,2019-11-01,6,2019-09-01,-1.9379315108528288,-9.909157960956092,9.909157960956092,-1.6515263268260154,2020-09-01,12,True
II/1275/1,2,3,7,2020-05-01,2020-06-01,2,2020-06-01,-1.382994127100638,-2.468319035177397,2.468319035177397,-1.2341595175886986,2020-09-01,3,True
II/1275/1,2,3,8,2022-07-01,2022-12-01,6,2022-09-01,-1.4121875789061642,-8.121509371982329,8.121509371982329,-1.3535848953303882,2023-04-01,7,True
II/1275/1,2,3,9,2023-09-01,2023-10-01,2,2023-10-01,-1.4121875789061642,-2.5311459599687245,2.5311459599687245,-1.2655729799843622,2023-12-01,2,True
II/1275/1,2,6,1,2014-01-01,2014-08-01,8,2014-01-01,-1.9379315108528288,-15.409749343633544,15.409749343633544,-1.926218667954193,2014-09-01,8,True
II/1275/1,2,6,2,2015-08-01,2016-07-01,12,2015-12-01,-1.9379315108528288,-14.01103939164038,14.01103939164038,-1.1675866159700317,2016-10-01,10,True
II/1275/1,2,6,3,2018-01-01,2018-07-01,7,2018-01-01,-1.4121875789061642,-9.79773269692657,9.79773269692657,-1.3996760995609385,2018-08-01,7,True
II/1275/1,2,6,4,2019-08-01,2019-12-01,5,2019-09-01,-1.9145058250555573,-8.245469983329869,8.245469983329869,-1.649093996665974,2020-10-01,13,True
II/1275/1,2,6,5,2022-09-01,2022-12-01,4,2022-12-01,-1.4121875789061642,-5.561169960208079,5.561169960208079,-1.3902924900520197,2023-05-01,5,True
II/1275/1,2,12,1,2014-01-01,2015-02-01,14,2014-02-01,-1.9145058250555573,-25.417393071121957,25.417393071121957,-1.8155280765087112,2015-05-01,15,True
II/1275/1,2,12,2,2016-03-01,2016-09-01,7,2016-03-01,-1.0853249080767589,-7.561080846424523,7.561080846424523,-1.0801544066320747,2016-10-01,7,True
II/1275/1,2,12,3,2018-02-01,2019-01-01,12,2018-02-01,-1.382994127100638,-16.2669684190138,16.2669684190138,-1.3555807015844834,2019-02-01,12,True
II/1275/1,2,12,4,2019-10-01,2019-12-01,3,2019-10-01,-1.0853249080767589,-3.255974724230277,3.255974724230277,-1.0853249080767589,2020-09-01,11,True
II/1276/1,1,3,1,2014-01-01,2014-11-01,11,2014-01-01,-1.9379315108528288,-21.22354387619203,21.22354387619203,-1.9294130796538207,2014-12-01,11,True
II/1276/1,1,3,2,2021-12-01,2021-12-01,1,2021-12-01,-1.11895838106256,-1.11895838106256,1.11895838106256,-1.11895838106256,,,False
II/1276/1,1,3,3,2022-04-01,2024-03-01,24,2023-12-01,-1.9379315108528288,-30.94141695024965,30.94141695024965,-1.289225706260402,,,False
II/1276/1,1,6,1,2014-01-01,2015-02-01,14,2014-02-01,-1.9379315108528288,-25.91557348746537,25.91557348746537,-1.8511123919618122,2015-03-01,13,True
II/1276/1,1,6,2,2022-05-01,2022-12-01,8,2022-12-01,-1.11895838106256,-8.71623273759987,8.71623273759987,-1.0895290921999838,,,False
II/1276/1,1,6,3,2023-03-01,2024-04-01,14,2023-03-01,-1.4121875789061642,-18.393355150673194,18.393355150673194,-1.3138110821909426,,,False
II/1276/1,1,12,1,2014-01-01,2015-08-01,20,2014-06-01,-1.9145058250555573,-33.981735165579686,33.981735165579686,-1.6990867582789844,2015-09-01,15,True
II/1276/1,1,12,2,2022-09-01,2022-12-01,4,2022-09-01,-1.0853249080767589,-4.341299632307035,4.341299632307035,-1.0853249080767589,,,False
II/1276/1,1,12,3,2023-05-01,2024-04-01,12,2023-09-01,-1.382994127100638,-14.178382262903835,14.178382262903835,-1.1815318552419862,,,False
II/1285/1,1,3,1,2022-05-01,2024-04-01,24,2023-05-01,-1.6448536269514729,-32.175444197343154,32.175444197343154,-1.3406435082226313,,,False
II/1285/1,1,6,1,2022-08-01,2024-04-01,21,2023-08-01,-1.6448536269514729,-28.91123960207652,28.91123960207652,-1.376725695336977,,,False
II/1285/1,1,12,1,2023-02-01,2024-04-01,15,2024-02-01,-1.6448536269514729,-22.382830411543246,22.382830411543246,-1.492188694102883,,,False
II/521/1,2,3,1,1989-09-01,1989-12-01,4,1989-11-01,-1.1669186011353172,-4.634535963022651,4.634535963022651,-1.1586339907556626,1990-07-01,8,True
II/521/1,2,3,2,1990-04-01,1990-05-01,2,1990-04-01,-1.0245923925400984,-2.030862378400938,2.030862378400938,-1.015431189200469,1990-07-01,3,True
II/521/1,2,3,3,1991-04-01,1991-06-01,3,1991-05-01,-1.3676279233156883,-3.5425696962317943,3.5425696962317943,-1.180856565410598,1991-08-01,3,True
II/521/1,2,3,4,1992-01-01,1992-05-01,5,1992-02-01,-1.4941549086209047,-6.660698153618993,6.660698153618993,-1.3321396307237987,1993-09-01,19,True
II/521/1,2,3,5,1992-07-01,1992-11-01,5,1992-09-01,-2.2004105812100323,-7.334741055432566,7.334741055432566,-1.4669482110865133,1993-09-01,12,True
II/521/1,2,3,6,1993-01-01,1993-06-01,6,1993-02-01,-2.211127241085327,-11.58003663010208,11.58003663010208,-1.9300061050170134,1993-09-01,7,True
II/521/1,2,3,7,1996-03-01,1996-03-01,1,1996-03-01,-1.1669186011353172,-1.1669186011353172,1.1669186011353172,-1.1669186011353172,1996-05-01,2,True
II/521/1,2,3,8,1997-02-01,1997-03-01,2,1997-02-01,-1.1669186011353172,-2.2091653429677263,2.2091653429677263,-1.1045826714838631,1997-08-01,6,True
II/521/1,2,3,9,2000-06-01,2000-08-01,3,2000-08-01,-2.2004105812100323,-6.121424732854362,6.121424732854362,-2.040474910951454,2001-04-01,8,True
II/521/1,2,3,10,2003-06-01,2004-02-01,9,2003-11-01,-1.7444475421409686,-13.568015717637376,13.568015717637376,-1.5075573019597084,2004-06-01,7,True
II/521/1,2,3,11,2005-11-01,2006-04-01,6,2006-04-01,-2.2004105812100323,-9.552438477738312,9.552438477738312,-1.592073079623052,,,False
II/521/1,2,3,12,2015-08-01,2016-07-01,12,2016-01-01,-2.221519588337837,-18.830140122388478,18.830140122388478,-1.5691783435323732,2016-11-01,10,True
II/521/1,2,3,13,2019-07-01,2020-01-01,7,2019-11-01,-2.211127241085327,-11.252211960876616,11.252211960876616,-1.6074588515538024,2020-07-01,8,True
II/521/1,2,3,14,2020-05-01,2020-06-01,2,2020-05-01,-1.3676279233156883,-2.517977303691696,2.517977303691696,-1.258988651845848,2020-07-01,2,True
II/521/1,2,3,15,2022-12-01,2022-12-01,1,2022-12-01,-1.042246741832409,-1.042246741832409,1.042246741832409,-1.042246741832409,2023-03-01,3,True
II/521/1,2,3,16,2023-07-01,2023-10-01,4,2023-08-01,-1.2975429286165534,-4.8988987717105,4.8988987717105,-1.224724692927625,2024-01-01,5,True
II/521/1,2,6,1,1989-12-01,1990-01-01,2,1989-12-01,-1.1503493803760079,-2.3006987607520157,2.3006987607520157,-1.1503493803760079,1990-07-01,7,True
II/521/1,2,6,2,1992-02-01,1993-07-01,18,1993-02-01,-2.2004105812100323,-29.67736767814105,29.67736767814105,-1.6487426487856138,1993-10-01,8,True
II/521/1,2,6,3,1997-05-01,1997-06-01,2,1997-06-01,-1.2649692448841479,-2.3803066026179343,2.3803066026179343,-1.1901533013089671,1997-08-01,2,True
II/521/1,2,6,4,2000-07-01,2000-11-01,5,2000-10-01,-1.7047809048894011,-7.505425789803976,7.505425789803976,-1.5010851579607951,2001-05-01,7,True
II/521/1,2,6,5,2003-07-01,2004-04-01,10,2003-11-01,-2.2004105812100323,-15.350597411029517,15.350597411029517,-1.5350597411029516,2004-08-01,9,True
II/521/1,2,6,6,2006-01-01,2006-04-01,4,2006-03-01,-2.2004105812100323,-6.905354943995356,6.905354943995356,-1.726338735998839,,,False
II/521/1,2,6,7,2015-09-01,2015-09-01,1,2015-09-01,-1.0491313979639707,-1.0491313979639707,1.0491313979639707,-1.0491313979639707,2016-12-01,15,True
II/521/1,2,6,8,2015-11-01,2016-09-01,11,2016-01-01,-2.2004105812100323,-17.175088068496326,17.175088068496326,-1.561371642590575,2016-12-01,11,True
II/521/1,2,6,9,2019-08-01,2020-06-01,11,2019-12-01,-1.9145058250555573,-14.769447101092297,14.769447101092297,-1.3426770091902087,2020-07-01,7,True
II/521/1,2,6,10,2022-12-01,2022-12-01,1,2022-12-01,-1.0245923925400984,-1.0245923925400984,1.0245923925400984,-1.0245923925400984,2023-05-01,5,True
II/521/1,2,6,11,2023-10-01,2023-11-01,2,2023-10-01,-1.1153373577337864,-2.1399297502738848,2.1399297502738848,-1.0699648751369424,2024-02-01,4,True
II/521/1,2,12,1,1990-05-01,1990-06-01,2,1990-05-01,-1.0775155670402803,-2.1550311340805606,2.1550311340805606,-1.0775155670402803,1990-08-01,3,True
II/521/1,2,12,2,1992-07-01,1993-10-01,16,1993-03-01,-2.166106752892329,-29.796117565251897,29.796117565251897,-1.8622573478282436,1994-02-01,11,True
II/521/1,2,12,3,2000-12-01,2001-04-01,5,2001-03-01,-1.0968035620935135,-5.406865830254635,5.406865830254635,-1.081373166050927,2001-07-01,4,True
II/521/1,2,12,4,2003-12-01,2004-08-01,9,2004-03-01,-1.6906216295848977,-12.94979006160942,12.94979006160942,-1.4388655624010467,2004-10-01,7,True
II/521/1,2,12,5,2015-11-01,2016-11-01,13,2016-07-01,-2.1411981209720183,-20.45388026474422,20.45388026474422,-1.5733754049803248,2017-05-01,10,True
II/521/1,2,12,6,2019-09-01,2020-07-01,11,2019-11-01,-1.6759397227734438,-14.999185730724186,14.999185730724186,-1.3635623391567442,2020-10-01,11,True
II/521/1,2,12,7,2023-08-01,2023-11-01,4,2023-10-01,-1.229858759216589,-4.728363877840904,4.728363877840904,-1.182090969460226,,,False
II/527/1,2,3,1,2015-01-01,2016-07-01,19,2016-02-01,-2.221519588337837,-27.29026801102918,27.29026801102918,-1.4363298953173254,2016-12-01,10,True
II/527/1,2,3,2,2017-07-01,2017-07-01,1,2017-07-01,-1.3279018717558337,-1.3279018717558337,1.3279018717558337,-1.3279018717558337,2017-10-01,3,True
II/527/1,2,3,3,2018-08-01,2020-06-01,23,2019-09-01,-2.2316058352609236,-37.07662835003845,37.07662835003845,-1.612027319566889,2024-02-01,53,True
II/527/1,2,3,4,2021-08-01,2023-12-01,29,2022-10-01,-2.2316058352609236,-42.74748809913277,42.74748809913277,-1.4740513137631988,2024-02-01,16,True
II/527/1,2,6,1,2015-02-01,2016-08-01,19,2016-02-01,-2.221519588337837,-28.164311444286213,28.164311444286213,-1.4823321812782217,2017-01-01,11,True
II/527/1,2,6,2,2018-09-01,2020-09-01,25,2019-10-01,-2.221519588337837,-38.624154345794786,38.624154345794786,-1.5449661738317915,,,False
II/527/1,2,6,3,2021-10-01,2024-01-01,28,2022-12-01,-2.2316058352609236,-41.10167932916057,41.10167932916057,-1.4679171188985918,,,False
II/527/1,2,12,1,2015-04-01,2016-12-01,21,2016-06-01,-2.2004105812100323,-27.718009973127188,27.718009973127188,-1.3199052368155804,2017-11-01,17,True
II/527/1,2,12,2,2019-01-01,2020-12-01,24,2019-07-01,-2.2004105812100323,-40.50856325371097,40.50856325371097,-1.687856802237957,,,False
II/527/1,2,12,3,2022-01-01,2024-03-01,27,2022-09-01,-1.731664396122245,-38.1160164040539,38.1160164040539,-1.4117043112612555,,,False
II/797/1,3,3,1,2017-05-01,2017-08-01,4,2017-08-01,-1.0968035620935135,-4.329350263214354,4.329350263214354,-1.0823375658035885,,,False
II/797/1,3,3,2,2019-09-01,2024-04-01,56,2023-09-01,-2.1779230690821847,-87.67516922229797,87.67516922229797,-1.5656280218267493,,,False
II/797/1,3,6,1,2017-05-01,2017-10-01,6,2017-05-01,-1.0775155670402803,-6.465093402241682,6.465093402241682,-1.0775155670402803,,,False
II/797/1,3,6,2,2019-11-01,2024-04-01,54,2023-12-01,-2.1779230690821847,-85.06535527054483,85.06535527054483,-1.5752843568619412,,,False
II/797/1,3,12,1,2017-07-01,2017-12-01,6,2017-07-01,-1.0775155670402803,-6.465093402241682,6.465093402241682,-1.0775155670402803,,,False
II/797/1,3,12,2,2018-05-01,2018-06-01,2,2018-06-01,-1.0775155670402803,-2.134929795526661,2.134929795526661,-1.0674648977633305,,,False
II/797/1,3,12,3,2020-01-01,2024-04-01,52,2023-06-01,-2.1538746940614564,-81.97610864626442,81.97610864626442,-1.5764636278127773,,,False
II/906/1,1,3,1,2006-08-01,2006-09-01,2,2006-08-01,-1.0853249080767589,-2.1706498161535177,2.1706498161535177,-1.0853249080767589,2007-03-01,7,True
II/906/1,1,3,2,2006-11-01,2007-01-01,3,2007-01-01,-1.382994127100638,-3.553643943254156,3.553643943254156,-1.1845479810847186,2007-03-01,2,True
II/906/1,1,3,3,2008-07-01,2008-07-01,1,2008-07-01,-1.351702239930661,-1.351702239930661,1.351702239930661,-1.351702239930661,2008-10-01,3,True
II/906/1,1,3,4,2009-02-01,2009-06-01,5,2009-02-01,-1.382994127100638,-6.389846834964514,6.389846834964514,-1.2779693669929029,2009-07-01,5,True
II/906/1,1,3,5,2009-10-01,2009-10-01,1,2009-10-01,-1.0853249080767589,-1.0853249080767589,1.0853249080767589,-1.0853249080767589,2010-05-01,7,True
II/906/1,1,3,6,2010-02-01,2010-03-01,2,2010-02-01,-1.0853249080767589,-2.1706498161535177,2.1706498161535177,-1.0853249080767589,2010-05-01,3,True
II/906/1,1,3,7,2015-07-01,2016-06-01,12,2015-12-01,-1.9145058250555573,-20.77303551468063,20.77303551468063,-1.7310862928900523,2016-08-01,8,True
II/906/1,1,3,8,2019-04-01,2019-05-01,2,2019-04-01,-1.382994127100638,-2.5698255598564566,2.5698255598564566,-1.2849127799282283,2019-06-01,2,True
II/906/1,1,3,9,2019-08-01,2020-01-01,6,2019-08-01,-1.9145058250555573,-10.126342335399626,10.126342335399626,-1.6877237225666042,2020-07-01,11,True
II/906/1,1,3,10,2023-07-01,2023-07-01,1,2023-07-01,-1.0491313979639707,-1.0491313979639707,1.0491313979639707,-1.0491313979639707,2023-11-01,4,True
II/906/1,1,6,1,2006-11-01,2007-03-01,5,2006-11-01,-1.0853249080767589,-5.426624540383794,5.426624540383794,-1.0853249080767589,2007-06-01,7,True
II/906/1,1,6,2,2009-04-01,2009-06-01,3,2009-05-01,-1.351702239930661,-3.7887293879380812,3.7887293879380812,-1.2629097959793605,2010-06-01,13,True
II/906/1,1,6,3,2009-09-01,2009-09-01,1,2009-09-01,-1.0491313979639707,-1.0491313979639707,1.0491313979639707,-1.0491313979639707,2010-06-01,9,True
II/906/1,1,6,4,2015-07-01,2016-08-01,14,2016-01-01,-1.9145058250555573,-22.245910951143724,22.245910951143724,-1.588993639367409,2016-09-01,8,True
II/906/1,1,6,5,2019-07-01,2020-06-01,12,2019-11-01,-1.9145058250555573,-18.47948307537256,18.47948307537256,-1.5399569229477132,2020-07-01,8,True
II/906/1,1,6,6,2023-10-01,2023-10-01,1,2023-10-01,-1.0491313979639707,-1.0491313979639707,1.0491313979639707,-1.0491313979639707,2023-12-01,2,True
II/906/1,1,12,1,2009-04-01,2010-03-01,12,2009-09-01,-1.351702239930661,-13.194718459501027,13.194718459501027,-1.0995598716250856,2010-06-01,9,True
II/906/1,1,12,2,2015-09-01,2016-11-01,15,2015-11-01,-1.88950996033343,-25.04846911905423,25.04846911905423,-1.669897941270282,2017-03-01,16,True
II/906/1,1,12,3,2019-12-01,2020-08-01,9,2019-12-01,-1.88950996033343,-13.240935600181489,13.240935600181489,-1.471215066686832,2020-10-01,10,True
II/908/1,1,3,1,2015-07-01,2016-06-01,12,2015-12-01,-1.8027430907391904,-18.180685116422275,18.180685116422275,-1.5150570930351897,2016-08-01,8,True
II/908/1,1,3,2,2019-04-01,2020-03-01,12,2019-08-01,-1.8027430907391904,-18.199823191054097,18.199823191054097,-1.5166519325878414,,,False
II/908/1,1,6,1,2015-08-01,2016-07-01,12,2016-03-01,-1.8027430907391904,-16.938040287337255,16.938040287337255,-1.4115033572781046,2016-10-01,7,True
II/908/1,1,6,2,2019-06-01,2020-05-01,12,2019-11-01,-1.8027430907391904,-19.210252594868475,19.210252594868475,-1.6008543829057063,,,False
II/908/1,1,12,1,2015-10-01,2016-09-01,12,2016-06-01,-1.7688250385187065,-15.564934189643054,15.564934189643054,-1.2970778491369213,2017-03-01,9,True
II/908/1,1,12,2,2019-06-01,2020-05-01,12,2020-05-01,-1.8027430907391904,-20.1189278420214,20.1189278420214,-1.67657732016845,,,False
II/908/2,1,3,1,2015-07-01,2016-06-01,12,2015-12-01,-1.9145058250555573,-19.09718001288452,19.09718001288452,-1.5914316677403768,2016-08-01,8,True
II/908/2,1,3,2,2019-03-01,2020-05-01,15,2019-08-01,-1.9145058250555573,-22.625828091416555,22.625828091416555,-1.5083885394277703,2020-06-01,10,True
II/908/2,1,3,3,2022-06-01,2022-06-01,1,2022-06-01,-1.0491313979639707,-1.0491313979639707,1.0491313979639707,-1.0491313979639707,2023-05-01,11,True
II/908/2,1,3,4,2022-10-01,2023-02-01,5,2022-12-01,-1.382994127100638,-5.724293759407673,5.724293759407673,-1.1448587518815345,2023-05-01,5,True
II/908/2,1,3,5,2023-07-01,2023-09-01,3,2023-08-01,-1.382994127100638,-3.820021275108058,3.820021275108058,-1.2733404250360192,2023-12-01,4,True
II/908/2,1,6,1,2015-08-01,2016-07-01,12,2016-03-01,-1.9145058250555573,-18.24424619693648,18.24424619693648,-1.5203538497447067,2016-10-01,7,True
II/908/2,1,6,2,2019-04-01,2020-06-01,15,2019-11-01,-1.9145058250555573,-23.869043579623245,23.869043579623245,-1.591269571974883,2020-07-01,8,True
II/908/2,1,6,3,2022-09-01,2022-09-01,1,2022-09-01,-1.0491313979639707,-1.0491313979639707,1.0491313979639707,-1.0491313979639707,2024-02-01,17,True
II/908/2,1,6,4,2022-11-01,2023-03-01,5,2022-11-01,-1.0853249080767589,-5.426624540383794,5.426624540383794,-1.0853249080767589,2024-02-01,15,True
II/908/2,1,6,5,2023-07-01,2023-08-01,2,2023-08-01,-1.351702239930661,-2.4008336378946318,2.4008336378946318,-1.2004168189473159,2024-02-01,6,True
II/908/2,1,6,6,2023-10-01,2023-10-01,1,2023-10-01,-1.0491313979639707,-1.0491313979639707,1.0491313979639707,-1.0491313979639707,2024-02-01,4,True
II/908/2,1,12,1,2015-10-01,2016-09-01,12,2015-12-01,-1.351702239930661,-15.010143511301171,15.010143511301171,-1.250845292608431,2017-02-01,14,True
II/908/2,1,12,2,2019-07-01,2020-07-01,13,2019-08-01,-1.88950996033343,-23.723250921965136,23.723250921965136,-1.8248654555357797,2020-10-01,14,True
II/908/2,1,12,3,2022-12-01,2023-06-01,7,2022-12-01,-1.0491313979639707,-7.343919785747794,7.343919785747794,-1.0491313979639705,2024-03-01,15,True
II/908/2,1,12,4,2023-08-01,2023-11-01,4,2023-08-01,-1.351702239930661,-5.406808959722644,5.406808959722644,-1.351702239930661,2024-03-01,7,True
